Workbook

Sheet Form Responses 1
A1: Timestamp | B1: Team Name | C1: SR / Ticket number | D1: ONT Replaced | E1: Replaced ONT | F1: New ONT Serial No | G1: OLD ONT Serial No | H1: Patch Chord | I1: Fiber Termination Box (FTB) | J1: Pigtail | K1: Fiber Protection Sleeves | L1: Cable 2F, SM, Fully Filled, (Internal cable) | M1: Fiber Termination Box, 2F, SC, Outdoor | N1: Quick SC/UPC Connector Blue | O1: Cable4F, SM, Outdoor (External Cable) | P1: DRAWROPE | Q1: FIBER CAPPING | R1: FIBER CONNECTOR BEND | S1: CLAMP, D/W NO.10A,(NYLON COATED STEEL WIRE | T1: CABLE 2F,GPON AERIAL DROP,BTC/1023/FIBER | U1: BRACKET | V1: Adaptor | W1: Comments and/or questions | X1: ONT Power Adaptor | Y1: Email Address | Z1: Invisible Optical cable (1000525) | AA1: FTTR patch Chord | AB1: ATB 2121 SC/APC (1000524) | AC1: FTTR Splitter | AD1: Quick SC/APC Connector Green | AE1: Column 29
A3: 46069.744 | B3: Zubair | C3: 20067866 | D3: Yes | E3: FTTR Master ONT | F3: 48575443FBA858B6 | G3: 48575443ABB2D7A1 | H3: 1 | Y3: zubairshoukat23@gmail.com
A4: 46069.744 | B4: Zubair | C4: 20067880 | D4: NO | N4: 1 | Y4: zubairshoukat23@gmail.com
A5: 46069.745 | B5: Zubair | C5: 20067799 | D5: NO | H5: 1 | Y5: zubairshoukat23@gmail.com
A6: 46069.745 | B6: Zubair | C6: 20067818 | D6: NO | N6: 1 | Y6: zubairshoukat23@gmail.com
A7: 46069.746 | B7: Zubair | C7: 20067819 | D7: NO | K7: 1 | Y7: zubairshoukat23@gmail.com
A8: 46069.85 | B8: Zubair | C8: 20067888 | D8: NO | H8: 1 | I8: 1 | J8: 1 | Y8: zubairshoukat23@gmail.com
A9: 46070.412 | B9: Nasir | C9: 20067572 | D9: Yes | E9: WiFi-6 | F9: 485754436F7604AF | G9: 485754437AE47AA7 | Y9: funkedunya9@gmail.com
A10: 46070.431 | B10: Mohsin | C10: 20067910 | D10: Yes | E10: H-5 | F10: 48575443BB28F8B3 | G10: 4857544308C26CB4 | H10: 0 | I10: 0 | J10: 0 | K10: 0 | L10: 0 | M10: 0 | N10: 0 | O10: 0 | P10: 0 | Q10: 0 | R10: 0 | S10: 0 | T10: 0 | U10: 0 | V10: 0 | X10: 1 | Y10: alikhan22dec@gmail.com | Z10: 0 | AA10: 0 | AB10: 0 | AC10: 0 | AD10: 0
A11: 46070.433 | B11: Mohsin | C11: 20067887 | D11: Yes | E11: H-5 | F11: 48575443BB24C6B3 | G11: 4857544308C1ECB4 | H11: 0 | I11: 0 | J11: 0 | K11: 0 | L11: 0 | M11: 0 | N11: 0 | O11: 0 | P11: 0 | Q11: 0 | R11: 0 | S11: 0 | T11: 0 | U11: 0 | V11: 0 | X11: 1 | Y11: alikhan22dec@gmail.com | Z11: 0 | AA11: 0 | AB11: 0 | AC11: 0 | AD11: 0
A12: 46070.433 | B12: Mohsin | C12: 20067876 | D12: NO | H12: 0 | I12: 0 | J12: 0 | K12: 1 | L12: 0 | M12: 1 | N12: 0 | O12: 0 | P12: 0 | Q12: 0 | R12: 0 | S12: 0 | T12: 0 | U12: 0 | V12: 0 | W12: 0 | X12: 0 | Y12: alikhan22dec@gmail.com | Z12: 0 | AA12: 0 | AB12: 0 | AC12: 0 | AD12: 0
A13: 46070.435 | B13: Mohsin | C13: 20067825 | D13: NO | H13: 0 | I13: 0 | J13: 0 | K13: 0 | L13: 0 | M13: 0 | N13: 1 | O13: 0 | P13: 0 | Q13: 0 | R13: 0 | S13: 0 | T13: 0 | U13: 0 | V13: 0 | X13: 0 | Y13: alikhan22dec@gmail.com | Z13: 0 | AA13: 0 | AB13: 0 | AC13: 0 | AD13: 0
A14: 46070.52 | B14: Nasir | C14: 20067811 | D14: NO | H14: 1 | Y14: funkedunya9@gmail.com
A15: 46070.522 | B15: Nasir | C15: 20067858 | D15: NO | K15: 2 | O15: 75 | Y15: funkedunya9@gmail.com
A16: 46070.523 | B16: Nasir | C16: 20067872 | D16: NO | H16: 1 | Y16: funkedunya9@gmail.com
A17: 46070.524 | B17: Nasir | C17: 20067814 | D17: NO | J17: 1 | K17: 2 | N17: 1 | T17: 60m | Y17: funkedunya9@gmail.com
A18: 46070.525 | B18: Nasir | C18: 20067904 | D18: NO | J18: 1 | K18: 1 | Y18: funkedunya9@gmail.com
A19: 46070.526 | B19: Nasir | C19: 20067924 | D19: NO | J19: 1 | K19: 1 | L19: 55m | Y19: funkedunya9@gmail.com
A20: 46070.743 | B20: Nasir | C20: 20067846 | D20: NO | J20: 1 | K20: 1 | Y20: funkedunya9@gmail.com
A21: 46070.744 | B21: Nasir | C21: 20067995 | D21: NO | J21: 1 | K21: 1 | Y21: funkedunya9@gmail.com
A22: 46070.764 | B22: Nasir | C22: 20067994 | D22: Yes | E22: WiFi-6 | F22: 4857544344E8B0B3 | G22: 48575443C4BB983A | Y22: funkedunya9@gmail.com
A23: 46070.833 | B23: Nasir | C23: 20068009 | D23: NO | H23: 1 | Y23: funkedunya9@gmail.com
A24: 46071.43 | B24: Zubair | C24: 20067983 | D24: Yes | E24: FTTR Master ONT | F24: 48575443FBAB0CB6 | G24: 4857544305C4659E | Y24: zubairshoukat23@gmail.com
A25: 46071.431 | B25: Zubair | C25: 20067991 | D25: NO | X25: 1 | Y25: zubairshoukat23@gmail.com
A26: 46071.431 | B26: Zubair | C26: 20067979 | D26: NO | H26: 1 | Y26: zubairshoukat23@gmail.com
A27: 46071.432 | B27: Zubair | C27: 20067928 | D27: NO | X27: 1 | Y27: zubairshoukat23@gmail.com
A28: 46071.432 | B28: Zubair | C28: 20067943 | D28: NO | J28: 1 | K28: 1 | L28: 25 | N28: 1 | Y28: zubairshoukat23@gmail.com
A29: 46071.433 | B29: Zubair | C29: 20067942 | D29: NO | J29: 1 | K29: 1 | Y29: zubairshoukat23@gmail.com
A30: 46071.433 | B30: Zubair | C30: 20067931 | D30: NO | K30: 1 | Y30: zubairshoukat23@gmail.com
A31: 46071.811 | B31: Zubair | C31: 20068086 | D31: NO | N31: 1 | Y31: zubairshoukat23@gmail.com
A32: 46071.811 | B32: Zubair | C32: 20068087 | D32: NO | K32: 1 | Y32: zubairshoukat23@gmail.com
A33: 46071.812 | B33: Zubair | C33: 20068068 | D33: NO | V33: 1 | Y33: zubairshoukat23@gmail.com
A34: 46071.813 | B34: Zubair | C34: 20068072 | D34: Yes | E34: FTTR Master ONT | F34: 48575443FBA7D5B6 | G34: 4857544389F6C3A3 | Y34: zubairshoukat23@gmail.com
A35: 46071.814 | B35: Zubair | C35: 20068071 | D35: Yes | E35: FTTR Master ONT | F35: 48575443FBACC1B6 | G35: 4857544328FB32AF | Y35: zubairshoukat23@gmail.com
A36: 46071.814 | B36: Zubair | C36: 20068032 | D36: NO | K36: 1 | Y36: zubairshoukat23@gmail.com
A37: 46071.814 | B37: Zubair | C37: 20068027 | D37: NO | I37: 1 | J37: 1 | K37: 1 | Y37: zubairshoukat23@gmail.com
A38: 46071.815 | B38: Zubair | C38: 20068016 | D38: NO | K38: 1 | Y38: zubairshoukat23@gmail.com
A39: 46071.832 | B39: Bilal Bacha | C39: 20068057 | D39: Yes | E39: 2G | F39: SN:48575443400E3DB1 | G39: sn:48575443401168B1 | Y39: funkedunya9@gmail.com
A40: 46071.833 | B40: Bilal Bacha | C40: 20067846 | D40: Yes | E40: FTTR Master ONT | F40: sn:48575443FBA7CDB6 | G40: sn:485754432900D5AF | Y40: funkedunya9@gmail.com
A41: 46071.833 | B41: Bilal Bacha | C41: 20068089 | D41: NO | H41: 1 | Y41: funkedunya9@gmail.com
A42: 46071.834 | B42: Bilal Bacha | C42: 20068116 | D42: NO | N42: 1 | Y42: funkedunya9@gmail.com
A43: 46072.949 | B43: Zubair | C43: 20068167 | D43: Yes | E43: FTTR Master ONT | F43: 48675443FBAA50B6 | G43: 48575443298E789A | Y43: zubairshoukat23@gmail.com
A44: 46072.95 | B44: Zubair | C44: 20068127 | D44: NO | V44: 1 | Y44: zubairshoukat23@gmail.com
A45: 46072.95 | B45: Zubair | C45: 20068183 | D45: NO | N45: 1 | Y45: zubairshoukat23@gmail.com
A46: 46072.951 | B46: Zubair | C46: 20068150 | D46: NO | J46: 1 | K46: 1 | Y46: zubairshoukat23@gmail.com
A47: 46072.951 | B47: Zubair | C47: 20068082 | D47: NO | V47: 1 | Y47: zubairshoukat23@gmail.com
A48: 46074.395 | B48: Bilal Bacha | C48: 20068137 | D48: NO | H48: 1 | Y48: funkedunya9@gmail.com
A49: 46074.395 | B49: Bilal Bacha | C49: 20068124 | D49: NO | H49: 1 | Y49: funkedunya9@gmail.com
A50: 46074.396 | B50: Bilal Bacha | C50: 20068185 | D50: NO | K50: 1 | Y50: funkedunya9@gmail.com
A51: 46074.396 | B51: Bilal Bacha | C51: 20068193 | D51: NO | J51: 1 | K51: 1 | Y51: funkedunya9@gmail.com
A52: 46074.397 | B52: Bilal Bacha | C52: 20068217 | D52: NO | X52: 1 | Y52: funkedunya9@gmail.com
A53: 46074.399 | B53: Bilal Bacha | C53: 20068190 | D53: Yes | E53: FTTR Master ONT | F53: 48575443FBA647B6 | G53: 485754430FEEFFA4 | Y53: funkedunya9@gmail.com
A54: 46074.676 | B54: Zubair | C54: 20068254 | D54: NO | H54: 1 | Y54: zubairshoukat23@gmail.com
A55: 46074.677 | B55: Zubair | C55: 20068254 | D55: NO | H55: 1 | Y55: zubairshoukat23@gmail.com
A56: 46074.677 | B56: Zubair | C56: 20068345 | D56: NO | H56: 1 | Y56: zubairshoukat23@gmail.com
A57: 46074.678 | B57: Zubair | C57: 20068242 | D57: NO | H57: 1 | I57: 1 | J57: 1 | K57: 1 | V57: 1 | Y57: zubairshoukat23@gmail.com
A58: 46074.678 | B58: Zubair | C58: 20068191 | D58: NO | H58: 1 | Y58: zubairshoukat23@gmail.com
A59: 46074.678 | B59: Zubair | C59: 20068270 | D59: NO | H59: 1 | Y59: zubairshoukat23@gmail.com
A60: 46074.679 | B60: Zubair | C60: 20068251 | D60: NO | X60: 1 | Y60: zubairshoukat23@gmail.com
A61: 46074.842 | B61: Bilal Bacha | C61: 20068253 | D61: NO | H61: 1 | Y61: funkedunya9@gmail.com
A62: 46074.844 | B62: Bilal Bacha | C62: 20068272 | D62: Yes | E62: W5 | F62: 485754438A0E80A3 | G62: 4857544328B5C79B | Y62: funkedunya9@gmail.com
A63: 46074.845 | B63: Bilal Bacha | C63: 20068350 | D63: NO | J63: 1 | K63: 2 | L63: 35 | M63: 1 | Y63: funkedunya9@gmail.com
A64: 46074.846 | B64: Bilal Bacha | C64: 20068290 | D64: NO | H64: 1 | Y64: funkedunya9@gmail.com
A65: 46074.846 | B65: Bilal Bacha | C65: 20068373 | D65: NO | K65: 1 | Y65: funkedunya9@gmail.com
A66: 46074.848 | B66: Bilal Bacha | C66: 20068381 | D66: Yes | E66: W5 | F66: 48575443506611A4 | G66: 48575443E33E33B47A6 | Y66: funkedunya9@gmail.com
A67: 46074.942 | B67: Mohsin | C67: 20068188 | D67: Yes | E67: FTTR Master ONT | F67: 48575443FBAB17B6 | G67: 4857544344146F91 | H67: 1 | I67: 0 | J67: 0 | K67: 0 | L67: 0 | M67: 0 | N67: 0 | O67: 0 | P67: 0 | Q67: 0 | R67: 0 | S67: 0 | T67: 0 | U67: 0 | V67: 0 | W67: TT : 20068188 Saas ticket ont replacement old ont working fine we replaced Q to F50 now line working fine | X67: 0 | Y67: alikhan22dec@gmail.com | Z67: 0 | AA67: 0 | AB67: 0 | AC67: 0 | AD67: 0
A68: 46075.389 | B68: Zubair | C68: 20068353 | D68: NO | H68: 1 | Y68: rajesh.bahrain0007@gmail.com
A69: 46075.57 | B69: Anyee | C69: 20068268 | D69: NO | H69: 0 | I69: 0 | J69: 0 | K69: 1 | L69: 0 | M69: 0 | N69: 0 | O69: 0 | P69: 0 | Q69: 0 | R69: 0 | S69: 0 | T69: 0 | U69: 0 | V69: 0 | X69: 0 | Y69: atifpati420@gmail.com | Z69: 0 | AA69: 0 | AB69: 0 | AC69: 0 | AD69: 0
A70: 46075.579 | B70: Rajesh | C70: 20068351 | D70: NO | H70: 0 | I70: 0 | J70: 0 | K70: 0 | L70: 0 | M70: 0 | N70: 1 | O70: 0 | P70: 0 | Q70: 0 | R70: 0 | S70: 0 | T70: 0 | U70: 0 | V70: 0 | W70: we make blue connecter | X70: 0 | Y70: ehtishamzafar605@gmail.com | Z70: 0 | AA70: 0 | AB70: 0 | AC70: 0 | AD70: 0
A71: 46075.589 | B71: Rajesh | C71: 20068361 | D71: NO | H71: 1 | I71: 0 | J71: 0 | K71: 0 | L71: 0 | M71: 0 | N71: 0 | O71: 0 | P71: 0 | Q71: 0 | R71: 0 | S71: 0 | T71: 0 | U71: 0 | V71: 0 | W71: the power button is off before | X71: 0 | Y71: ehtishamzafar605@gmail.com | Z71: 0 | AA71: 0 | AB71: 0 | AC71: 0 | AD71: 0
A72: 46075.661 | B72: Rajesh | C72: 20068402 | D72: NO | H72: 0 | I72: 0 | J72: 0 | K72: 0 | L72: 0 | M72: 0 | N72: 1 | O72: 0 | P72: 0 | Q72: 0 | R72: 0 | S72: 0 | T72: 0 | U72: 0 | V72: 1 | W72: i change OH tarmination adapter damage | X72: 0 | Y72: ehtishamzafar605@gmail.com | Z72: 0 | AA72: 0 | AB72: 0 | AC72: 0 | AD72: 0
A73: 46075.829 | B73: Zubair | C73: 20068456 | D73: Yes | E73: FTTR Master ONT | F73: 48575443FBAD49B6 | G73: 4857544344F009B3 | Y73: zubairshoukat23@gmail.com
A74: 46075.83 | B74: Zubair | C74: 20068348 | D74: NO | J74: 1 | K74: 1 | Y74: zubairshoukat23@gmail.com
A75: 46075.83 | B75: Zubair | C75: 20068401 | D75: NO | J75: 1 | K75: 2 | Y75: zubairshoukat23@gmail.com
A76: 46075.831 | B76: Zubair | C76: 20068367 | D76: NO | K76: 2 | S76: 1 | T76: 60 | Y76: zubairshoukat23@gmail.com
A77: 46075.853 | B77: Bilal Bacha | C77: 20068398 | D77: Yes | E77: FTTR Master ONT | F77: 48575443FBA5F2B6 | G77: 485754430940159E | Y77: funkedunya9@gmail.com
A78: 46075.854 | B78: Bilal Bacha | C78: 20068378 | D78: NO | N78: 1 | Y78: funkedunya9@gmail.com
A79: 46075.854 | B79: Bilal Bacha | C79: 20068450 | D79: NO | J79: 1 | K79: 1 | Y79: funkedunya9@gmail.com
A80: 46075.855 | B80: Bilal Bacha | C80: 20068490 | D80: NO | H80: 1 | Y80: funkedunya9@gmail.com
A81: 46076.833 | B81: Bilal Bacha | C81: 20068516 | D81: NO | V81: 1 | Y81: funkedunya9@gmail.com
A82: 46076.834 | B82: Bilal Bacha | C82: 20068518 | D82: NO | H82: 1 | Y82: funkedunya9@gmail.com
A83: 46076.835 | B83: Bilal Bacha | C83: 20068528 | D83: NO | J83: 1 | K83: 1 | Y83: funkedunya9@gmail.com
A84: 46076.836 | B84: Bilal Bacha | C84: 20068526 | D84: NO | H84: 1 | Y84: funkedunya9@gmail.com
A85: 46076.836 | B85: Bilal Bacha | C85: 20068503 | D85: NO | H85: 1 | Y85: funkedunya9@gmail.com
A86: 46076.898 | B86: Zubair | C86: 20068584 | D86: Yes | E86: W5 | F86: 4857544323E138AC | G86: 48575443ABC00DA1 | Y86: zubairshoukat23@gmail.com
A87: 46076.9 | B87: Zubair | C87: 20068466 | D87: Yes | E87: 2G Ont | F87: 48575443400EA0B1 | G87: 48575443400E3DB1 | Y87: zubairshoukat23@gmail.com
A88: 46076.9 | B88: Zubair | C88: 20068566 | D88: NO | H88: 1 | Y88: zubairshoukat23@gmail.com
A89: 46076.901 | B89: Zubair | C89: WBS_769742_1 | D89: NO | V89: 1 | Y89: zubairshoukat23@gmail.com
A90: 46076.901 | B90: Zubair | C90: 20068496 | D90: NO | J90: 1 | K90: 3 | Y90: zubairshoukat23@gmail.com
A91: 46076.902 | B91: Zubair | C91: 20068504 | D91: NO | H91: 1 | Y91: zubairshoukat23@gmail.com
A92: 46077.371 | B92: Bilal Bacha | C92: 20068495 | D92: Yes | E92: FTTR Master ONT | F92: 48575443F09AE7B6 | G92: 48575443BB27AEB3 | H92: 0 | I92: 0 | J92: 0 | K92: 0 | L92: 0 | M92: 0 | N92: 0 | O92: 0 | P92: 0 | Q92: 0 | R92: 0 | S92: 0 | T92: 0 | U92: 0 | V92: 0 | X92: 0 | Y92: bilalakbar.bh@gmail.com | Z92: 0 | AA92: 0 | AB92: 0 | AC92: 0 | AD92: 0
A93: 46077.447 | B93: Rajesh | C93: 20067135 | D93: Yes | E93: FTTR Master ONT | F93: 48575443FBA647B6 | G93: 485754430FEEFFA4 | H93: 0 | I93: 0 | J93: 0 | K93: 1 | L93: 0 | M93: 0 | N93: 0 | O93: 0 | P93: 0 | Q93: 0 | R93: 0 | S93: 0 | T93: 0 | U93: 0 | V93: 0 | X93: 0 | Y93: ehtishamzafar605@gmail.com | Z93: 0 | AA93: 0 | AB93: 0 | AC93: 0 | AD93: 0
A94: 46077.598 | B94: Bilal Bacha | C94: 20068494 | D94: NO | V94: 1 | Y94: funkedunya9@gmail.com
A95: 46077.771 | B95: Haroon | C95: 20068681 | D95: NO | H95: 0 | I95: 0 | J95: 0 | K95: 0 | L95: 0 | M95: 0 | N95: 0 | O95: 0 | P95: 0 | Q95: 0 | R95: 0 | S95: 0 | T95: 0 | U95: 0 | V95: 0 | X95: 0 | Y95: ehtishamzafar605@gmail.com | Z95: 0 | AA95: 0 | AB95: 0 | AC95: 0 | AD95: 0
A96: 46077.842 | B96: Bilal Bacha | C96: 20068587 | D96: NO | H96: 1 | Y96: funkedunya9@gmail.com
A97: 46077.843 | B97: Bilal Bacha | C97: 20068623 | D97: NO | H97: 1 | Y97: funkedunya9@gmail.com
A98: 46077.844 | B98: Bilal Bacha | C98: 20068611 | D98: NO | N98: 1 | Y98: funkedunya9@gmail.com
A99: 46077.844 | B99: Bilal Bacha | C99: 20068648 | D99: NO | V99: 1 | Y99: funkedunya9@gmail.com
A100: 46077.845 | B100: Bilal Bacha | C100: 20068580 | D100: NO | H100: 1 | Y100: funkedunya9@gmail.com
A101: 46077.846 | B101: Bilal Bacha | C101: 20068618 | D101: NO | V101: 1 | Y101: funkedunya9@gmail.com
...

Sheet Sheet3

Sheet Sheet1
A4: Item No
A5: Unit
A6: {='Form Responses 1'!A:Z} -> Timestamp | B6: Team Name | C6: SR / Ticket number | D6: ONT Replaced | E6: Replaced ONT | F6: New ONT Serial No | G6: OLD ONT Serial No | H6: Patch Chord | I6: Fiber Termination Box (FTB) | J6: Pigtail | K6: Fiber Protection Sleeves | L6: Cable 2F, SM, Fully Filled, (Internal cable) | M6: Fiber Termination Box, 2F, SC, Outdoor | N6: Quick SC/UPC Connector Blue | O6: Cable4F, SM, Outdoor (External Cable) | P6: DRAWROPE | Q6: FIBER CAPPING | R6: FIBER CONNECTOR BEND | S6: CLAMP, D/W NO.10A,(NYLON COATED STEEL WIRE | T6: CABLE 2F,GPON AERIAL DROP,BTC/1023/FIBER | U6: BRACKET | V6: Adaptor | W6: Comments and/or questions | X6: ONT Power Adaptor | Y6: Email Address | Z6: Invisible Optical cable (1000525)
A8: 46069.744 | B8: Zubair | C8: 20067866 | D8: Yes | E8: FTTR Master ONT | F8: 48575443FBA858B6 | G8: 48575443ABB2D7A1 | H8: 1 | Y8: zubairshoukat23@gmail.com
A9: 46069.744 | B9: Zubair | C9: 20067880 | D9: NO | N9: 1 | Y9: zubairshoukat23@gmail.com
A10: 46069.745 | B10: Zubair | C10: 20067799 | D10: NO | H10: 1 | Y10: zubairshoukat23@gmail.com
A11: 46069.745 | B11: Zubair | C11: 20067818 | D11: NO | N11: 1 | Y11: zubairshoukat23@gmail.com
A12: 46069.746 | B12: Zubair | C12: 20067819 | D12: NO | K12: 1 | Y12: zubairshoukat23@gmail.com
A13: 46069.85 | B13: Zubair | C13: 20067888 | D13: NO | H13: 1 | I13: 1 | J13: 1 | Y13: zubairshoukat23@gmail.com
A14: 46070.412 | B14: Nasir | C14: 20067572 | D14: Yes | E14: WiFi-6 | F14: 485754436F7604AF | G14: 485754437AE47AA7 | Y14: funkedunya9@gmail.com
A15: 46070.431 | B15: Mohsin | C15: 20067910 | D15: Yes | E15: H-5 | F15: 48575443BB28F8B3 | G15: 4857544308C26CB4 | H15: 0 | I15: 0 | J15: 0 | K15: 0 | L15: 0 | M15: 0 | N15: 0 | O15: 0 | P15: 0 | Q15: 0 | R15: 0 | S15: 0 | T15: 0 | U15: 0 | V15: 0 | X15: 1 | Y15: alikhan22dec@gmail.com | Z15: 0
A16: 46070.433 | B16: Mohsin | C16: 20067887 | D16: Yes | E16: H-5 | F16: 48575443BB24C6B3 | G16: 4857544308C1ECB4 | H16: 0 | I16: 0 | J16: 0 | K16: 0 | L16: 0 | M16: 0 | N16: 0 | O16: 0 | P16: 0 | Q16: 0 | R16: 0 | S16: 0 | T16: 0 | U16: 0 | V16: 0 | X16: 1 | Y16: alikhan22dec@gmail.com | Z16: 0
A17: 46070.433 | B17: Mohsin | C17: 20067876 | D17: NO | H17: 0 | I17: 0 | J17: 0 | K17: 1 | L17: 0 | M17: 1 | N17: 0 | O17: 0 | P17: 0 | Q17: 0 | R17: 0 | S17: 0 | T17: 0 | U17: 0 | V17: 0 | W17: 0 | X17: 0 | Y17: alikhan22dec@gmail.com | Z17: 0
A18: 46070.435 | B18: Mohsin | C18: 20067825 | D18: NO | H18: 0 | I18: 0 | J18: 0 | K18: 0 | L18: 0 | M18: 0 | N18: 1 | O18: 0 | P18: 0 | Q18: 0 | R18: 0 | S18: 0 | T18: 0 | U18: 0 | V18: 0 | X18: 0 | Y18: alikhan22dec@gmail.com | Z18: 0
A19: 46070.52 | B19: Nasir | C19: 20067811 | D19: NO | H19: 1 | Y19: funkedunya9@gmail.com
A20: 46070.522 | B20: Nasir | C20: 20067858 | D20: NO | K20: 2 | O20: 75 | Y20: funkedunya9@gmail.com
A21: 46070.523 | B21: Nasir | C21: 20067872 | D21: NO | H21: 1 | Y21: funkedunya9@gmail.com
A22: 46070.524 | B22: Nasir | C22: 20067814 | D22: NO | J22: 1 | K22: 2 | N22: 1 | T22: 60m | Y22: funkedunya9@gmail.com
A23: 46070.525 | B23: Nasir | C23: 20067904 | D23: NO | J23: 1 | K23: 1 | Y23: funkedunya9@gmail.com
A24: 46070.526 | B24: Nasir | C24: 20067924 | D24: NO | J24: 1 | K24: 1 | L24: 55m | Y24: funkedunya9@gmail.com
A25: 46070.743 | B25: Nasir | C25: 20067846 | D25: NO | J25: 1 | K25: 1 | Y25: funkedunya9@gmail.com
A26: 46070.744 | B26: Nasir | C26: 20067995 | D26: NO | J26: 1 | K26: 1 | Y26: funkedunya9@gmail.com
A27: 46070.764 | B27: Nasir | C27: 20067994 | D27: Yes | E27: WiFi-6 | F27: 4857544344E8B0B3 | G27: 48575443C4BB983A | Y27: funkedunya9@gmail.com
A28: 46070.833 | B28: Nasir | C28: 20068009 | D28: NO | H28: 1 | Y28: funkedunya9@gmail.com
A29: 46071.43 | B29: Zubair | C29: 20067983 | D29: Yes | E29: FTTR Master ONT | F29: 48575443FBAB0CB6 | G29: 4857544305C4659E | Y29: zubairshoukat23@gmail.com
A30: 46071.431 | B30: Zubair | C30: 20067991 | D30: NO | X30: 1 | Y30: zubairshoukat23@gmail.com
A31: 46071.431 | B31: Zubair | C31: 20067979 | D31: NO | H31: 1 | Y31: zubairshoukat23@gmail.com
A32: 46071.432 | B32: Zubair | C32: 20067928 | D32: NO | X32: 1 | Y32: zubairshoukat23@gmail.com
A33: 46071.432 | B33: Zubair | C33: 20067943 | D33: NO | J33: 1 | K33: 1 | L33: 25 | N33: 1 | Y33: zubairshoukat23@gmail.com
A34: 46071.433 | B34: Zubair | C34: 20067942 | D34: NO | J34: 1 | K34: 1 | Y34: zubairshoukat23@gmail.com
A35: 46071.433 | B35: Zubair | C35: 20067931 | D35: NO | K35: 1 | Y35: zubairshoukat23@gmail.com
A36: 46071.811 | B36: Zubair | C36: 20068086 | D36: NO | N36: 1 | Y36: zubairshoukat23@gmail.com
A37: 46071.811 | B37: Zubair | C37: 20068087 | D37: NO | K37: 1 | Y37: zubairshoukat23@gmail.com
A38: 46071.812 | B38: Zubair | C38: 20068068 | D38: NO | V38: 1 | Y38: zubairshoukat23@gmail.com
A39: 46071.813 | B39: Zubair | C39: 20068072 | D39: Yes | E39: FTTR Master ONT | F39: 48575443FBA7D5B6 | G39: 4857544389F6C3A3 | Y39: zubairshoukat23@gmail.com
A40: 46071.814 | B40: Zubair | C40: 20068071 | D40: Yes | E40: FTTR Master ONT | F40: 48575443FBACC1B6 | G40: 4857544328FB32AF | Y40: zubairshoukat23@gmail.com
A41: 46071.814 | B41: Zubair | C41: 20068032 | D41: NO | K41: 1 | Y41: zubairshoukat23@gmail.com
A42: 46071.814 | B42: Zubair | C42: 20068027 | D42: NO | I42: 1 | J42: 1 | K42: 1 | Y42: zubairshoukat23@gmail.com
A43: 46071.815 | B43: Zubair | C43: 20068016 | D43: NO | K43: 1 | Y43: zubairshoukat23@gmail.com
A44: 46071.832 | B44: Bilal Bacha | C44: 20068057 | D44: Yes | E44: 2G | F44: SN:48575443400E3DB1 | G44: sn:48575443401168B1 | Y44: funkedunya9@gmail.com
A45: 46071.833 | B45: Bilal Bacha | C45: 20067846 | D45: Yes | E45: FTTR Master ONT | F45: sn:48575443FBA7CDB6 | G45: sn:485754432900D5AF | Y45: funkedunya9@gmail.com
A46: 46071.833 | B46: Bilal Bacha | C46: 20068089 | D46: NO | H46: 1 | Y46: funkedunya9@gmail.com
A47: 46071.834 | B47: Bilal Bacha | C47: 20068116 | D47: NO | N47: 1 | Y47: funkedunya9@gmail.com
A48: 46072.949 | B48: Zubair | C48: 20068167 | D48: Yes | E48: FTTR Master ONT | F48: 48675443FBAA50B6 | G48: 48575443298E789A | Y48: zubairshoukat23@gmail.com
A49: 46072.95 | B49: Zubair | C49: 20068127 | D49: NO | V49: 1 | Y49: zubairshoukat23@gmail.com
A50: 46072.95 | B50: Zubair | C50: 20068183 | D50: NO | N50: 1 | Y50: zubairshoukat23@gmail.com
A51: 46072.951 | B51: Zubair | C51: 20068150 | D51: NO | J51: 1 | K51: 1 | Y51: zubairshoukat23@gmail.com
A52: 46072.951 | B52: Zubair | C52: 20068082 | D52: NO | V52: 1 | Y52: zubairshoukat23@gmail.com
A53: 46074.395 | B53: Bilal Bacha | C53: 20068137 | D53: NO | H53: 1 | Y53: funkedunya9@gmail.com
A54: 46074.395 | B54: Bilal Bacha | C54: 20068124 | D54: NO | H54: 1 | Y54: funkedunya9@gmail.com
A55: 46074.396 | B55: Bilal Bacha | C55: 20068185 | D55: NO | K55: 1 | Y55: funkedunya9@gmail.com
A56: 46074.396 | B56: Bilal Bacha | C56: 20068193 | D56: NO | J56: 1 | K56: 1 | Y56: funkedunya9@gmail.com
A57: 46074.397 | B57: Bilal Bacha | C57: 20068217 | D57: NO | X57: 1 | Y57: funkedunya9@gmail.com
A58: 46074.399 | B58: Bilal Bacha | C58: 20068190 | D58: Yes | E58: FTTR Master ONT | F58: 48575443FBA647B6 | G58: 485754430FEEFFA4 | Y58: funkedunya9@gmail.com
A59: 46074.676 | B59: Zubair | C59: 20068254 | D59: NO | H59: 1 | Y59: zubairshoukat23@gmail.com
A60: 46074.677 | B60: Zubair | C60: 20068254 | D60: NO | H60: 1 | Y60: zubairshoukat23@gmail.com
A61: 46074.677 | B61: Zubair | C61: 20068345 | D61: NO | H61: 1 | Y61: zubairshoukat23@gmail.com
A62: 46074.678 | B62: Zubair | C62: 20068242 | D62: NO | H62: 1 | I62: 1 | J62: 1 | K62: 1 | V62: 1 | Y62: zubairshoukat23@gmail.com
A63: 46074.678 | B63: Zubair | C63: 20068191 | D63: NO | H63: 1 | Y63: zubairshoukat23@gmail.com
A64: 46074.678 | B64: Zubair | C64: 20068270 | D64: NO | H64: 1 | Y64: zubairshoukat23@gmail.com
A65: 46074.679 | B65: Zubair | C65: 20068251 | D65: NO | X65: 1 | Y65: zubairshoukat23@gmail.com
A66: 46074.842 | B66: Bilal Bacha | C66: 20068253 | D66: NO | H66: 1 | Y66: funkedunya9@gmail.com
A67: 46074.844 | B67: Bilal Bacha | C67: 20068272 | D67: Yes | E67: W5 | F67: 485754438A0E80A3 | G67: 4857544328B5C79B | Y67: funkedunya9@gmail.com
A68: 46074.845 | B68: Bilal Bacha | C68: 20068350 | D68: NO | J68: 1 | K68: 2 | L68: 35 | M68: 1 | Y68: funkedunya9@gmail.com
A69: 46074.846 | B69: Bilal Bacha | C69: 20068290 | D69: NO | H69: 1 | Y69: funkedunya9@gmail.com
A70: 46074.846 | B70: Bilal Bacha | C70: 20068373 | D70: NO | K70: 1 | Y70: funkedunya9@gmail.com
A71: 46074.848 | B71: Bilal Bacha | C71: 20068381 | D71: Yes | E71: W5 | F71: 48575443506611A4 | G71: 48575443E33E33B47A6 | Y71: funkedunya9@gmail.com
A72: 46074.942 | B72: Mohsin | C72: 20068188 | D72: Yes | E72: FTTR Master ONT | F72: 48575443FBAB17B6 | G72: 4857544344146F91 | H72: 1 | I72: 0 | J72: 0 | K72: 0 | L72: 0 | M72: 0 | N72: 0 | O72: 0 | P72: 0 | Q72: 0 | R72: 0 | S72: 0 | T72: 0 | U72: 0 | V72: 0 | W72: TT : 20068188 Saas ticket ont replacement old ont working fine we replaced Q to F50 now line working fine | X72: 0 | Y72: alikhan22dec@gmail.com | Z72: 0
A73: 46075.389 | B73: Zubair | C73: 20068353 | D73: NO | H73: 1 | Y73: rajesh.bahrain0007@gmail.com
A74: 46075.57 | B74: Anyee | C74: 20068268 | D74: NO | H74: 0 | I74: 0 | J74: 0 | K74: 1 | L74: 0 | M74: 0 | N74: 0 | O74: 0 | P74: 0 | Q74: 0 | R74: 0 | S74: 0 | T74: 0 | U74: 0 | V74: 0 | X74: 0 | Y74: atifpati420@gmail.com | Z74: 0
A75: 46075.579 | B75: Rajesh | C75: 20068351 | D75: NO | H75: 0 | I75: 0 | J75: 0 | K75: 0 | L75: 0 | M75: 0 | N75: 1 | O75: 0 | P75: 0 | Q75: 0 | R75: 0 | S75: 0 | T75: 0 | U75: 0 | V75: 0 | W75: we make blue connecter | X75: 0 | Y75: ehtishamzafar605@gmail.com | Z75: 0
A76: 46075.589 | B76: Rajesh | C76: 20068361 | D76: NO | H76: 1 | I76: 0 | J76: 0 | K76: 0 | L76: 0 | M76: 0 | N76: 0 | O76: 0 | P76: 0 | Q76: 0 | R76: 0 | S76: 0 | T76: 0 | U76: 0 | V76: 0 | W76: the power button is off before | X76: 0 | Y76: ehtishamzafar605@gmail.com | Z76: 0
A77: 46075.661 | B77: Rajesh | C77: 20068402 | D77: NO | H77: 0 | I77: 0 | J77: 0 | K77: 0 | L77: 0 | M77: 0 | N77: 1 | O77: 0 | P77: 0 | Q77: 0 | R77: 0 | S77: 0 | T77: 0 | U77: 0 | V77: 1 | W77: i change OH tarmination adapter damage | X77: 0 | Y77: ehtishamzafar605@gmail.com | Z77: 0
A78: 46075.829 | B78: Zubair | C78: 20068456 | D78: Yes | E78: FTTR Master ONT | F78: 48575443FBAD49B6 | G78: 4857544344F009B3 | Y78: zubairshoukat23@gmail.com
A79: 46075.83 | B79: Zubair | C79: 20068348 | D79: NO | J79: 1 | K79: 1 | Y79: zubairshoukat23@gmail.com
A80: 46075.83 | B80: Zubair | C80: 20068401 | D80: NO | J80: 1 | K80: 2 | Y80: zubairshoukat23@gmail.com
A81: 46075.831 | B81: Zubair | C81: 20068367 | D81: NO | K81: 2 | S81: 1 | T81: 60 | Y81: zubairshoukat23@gmail.com
A82: 46075.853 | B82: Bilal Bacha | C82: 20068398 | D82: Yes | E82: FTTR Master ONT | F82: 48575443FBA5F2B6 | G82: 485754430940159E | Y82: funkedunya9@gmail.com
A83: 46075.854 | B83: Bilal Bacha | C83: 20068378 | D83: NO | N83: 1 | Y83: funkedunya9@gmail.com
A84: 46075.854 | B84: Bilal Bacha | C84: 20068450 | D84: NO | J84: 1 | K84: 1 | Y84: funkedunya9@gmail.com
A85: 46075.855 | B85: Bilal Bacha | C85: 20068490 | D85: NO | H85: 1 | Y85: funkedunya9@gmail.com
A86: 46076.833 | B86: Bilal Bacha | C86: 20068516 | D86: NO | V86: 1 | Y86: funkedunya9@gmail.com
A87: 46076.834 | B87: Bilal Bacha | C87: 20068518 | D87: NO | H87: 1 | Y87: funkedunya9@gmail.com
A88: 46076.835 | B88: Bilal Bacha | C88: 20068528 | D88: NO | J88: 1 | K88: 1 | Y88: funkedunya9@gmail.com
A89: 46076.836 | B89: Bilal Bacha | C89: 20068526 | D89: NO | H89: 1 | Y89: funkedunya9@gmail.com
A90: 46076.836 | B90: Bilal Bacha | C90: 20068503 | D90: NO | H90: 1 | Y90: funkedunya9@gmail.com
A91: 46076.898 | B91: Zubair | C91: 20068584 | D91: Yes | E91: W5 | F91: 4857544323E138AC | G91: 48575443ABC00DA1 | Y91: zubairshoukat23@gmail.com
A92: 46076.9 | B92: Zubair | C92: 20068466 | D92: Yes | E92: 2G Ont | F92: 48575443400EA0B1 | G92: 48575443400E3DB1 | Y92: zubairshoukat23@gmail.com
A93: 46076.9 | B93: Zubair | C93: 20068566 | D93: NO | H93: 1 | Y93: zubairshoukat23@gmail.com
A94: 46076.901 | B94: Zubair | C94: WBS_769742_1 | D94: NO | V94: 1 | Y94: zubairshoukat23@gmail.com
A95: 46076.901 | B95: Zubair | C95: 20068496 | D95: NO | J95: 1 | K95: 3 | Y95: zubairshoukat23@gmail.com
A96: 46076.902 | B96: Zubair | C96: 20068504 | D96: NO | H96: 1 | Y96: zubairshoukat23@gmail.com
A97: 46077.371 | B97: Bilal Bacha | C97: 20068495 | D97: Yes | E97: FTTR Master ONT | F97: 48575443F09AE7B6 | G97: 48575443BB27AEB3 | H97: 0 | I97: 0 | J97: 0 | K97: 0 | L97: 0 | M97: 0 | N97: 0 | O97: 0 | P97: 0 | Q97: 0 | R97: 0 | S97: 0 | T97: 0 | U97: 0 | V97: 0 | X97: 0 | Y97: bilalakbar.bh@gmail.com | Z97: 0
A98: 46077.447 | B98: Rajesh | C98: 20067135 | D98: Yes | E98: FTTR Master ONT | F98: 48575443FBA647B6 | G98: 485754430FEEFFA4 | H98: 0 | I98: 0 | J98: 0 | K98: 1 | L98: 0 | M98: 0 | N98: 0 | O98: 0 | P98: 0 | Q98: 0 | R98: 0 | S98: 0 | T98: 0 | U98: 0 | V98: 0 | X98: 0 | Y98: ehtishamzafar605@gmail.com | Z98: 0
A99: 46077.598 | B99: Bilal Bacha | C99: 20068494 | D99: NO | V99: 1 | Y99: funkedunya9@gmail.com
A100: 46077.771 | B100: Haroon | C100: 20068681 | D100: NO | H100: 0 | I100: 0 | J100: 0 | K100: 0 | L100: 0 | M100: 0 | N100: 0 | O100: 0 | P100: 0 | Q100: 0 | R100: 0 | S100: 0 | T100: 0 | U100: 0 | V100: 0 | X100: 0 | Y100: ehtishamzafar605@gmail.com | Z100: 0
A101: 46077.842 | B101: Bilal Bacha | C101: 20068587 | D101: NO | H101: 1 | Y101: funkedunya9@gmail.com
A102: 46077.843 | B102: Bilal Bacha | C102: 20068623 | D102: NO | H102: 1 | Y102: funkedunya9@gmail.com
A103: 46077.844 | B103: Bilal Bacha | C103: 20068611 | D103: NO | N103: 1 | Y103: funkedunya9@gmail.com
A104: 46077.844 | B104: Bilal Bacha | C104: 20068648 | D104: NO | V104: 1 | Y104: funkedunya9@gmail.com
...

Sheet Tech Sheet Replica
F1: GPON Last Mile | S1: GPON Assurance | AJ1: Copper Assurace | AW1: ONT Details
F2: Underground Materials | O2: Overhead Material | S2: In Building Materials | AD2: Internal Wiring Materials | AF2: Last Point Materials | AJ2: Copper Materials | AY2: Remarks
A3: Iteam No | F3: 1000048 | G3: 1000079 | H3: 1000084 | I3: 1000085 | J3: 1000105 | K3: 1000087 | L3: 10000466 | M3: None | N3: 1000086 | O3: 1000021 | P3: 1000067 | Q3: 1000187 | R3: 1000040 | S3: 1000087 | T3: 1000187 | U3: 1000086 | V3: 1000185 | W3: 1000104 | X3: 1000041 | Y3: 1000048 | AA3: 1000001 | AB3: 1000092 | AC3: 1000098 | AD3: None | AE3: None | AF3: 10000471 | AH3: 1000148 | AI3: 1000172 | AJ3: 1000022 | AK3: 1000042 | AL3: 1000541 | AM3: 1000553 | AN3: 1000067 | AO3: 1000021 | AP3: 1001965 | AQ3: 1001968 | AR3: 1004110 | AS3: 1004400 | AT3: 1004425 | AU3: 1004428 | AV3: 1000214
A4: Unit | F4: Meter | G4: Meter | H4: piece | I4: piece | J4: piece | K4: piece | L4: piece | M4: piece | N4: piece | O4: piece | P4: piece | Q4: piece | R4: piece | S4: piece | T4: piece | U4: piece | V4: Kit | W4: piece | X4: Meter | Y4: Meter | Z4: piece | AA4: piece | AB4: piece | AC4: piece | AD4: Meter | AE4: Meter | AF4: piece | AG4: piece | AH4: piece | AI4: piece | AJ4: Meter | AK4: Meter | AL4: Meter | AM4: Meter | AN4: piece | AO4: piece | AP4: EA | AQ4: EA | AR4: EA | AS4: EA | AT4: EA | AU4: EA | AV4: EA
A5: Date | B5: Fault Number | C5: Fault Type | D5: Close Type | E5: Fault Clearnes Code | F5: Cable4F,SM,Outdoor(4F/Tube),GPON | G5: DRAWROPE,NO.1 500M/ 0.6 MM, BT 071830 CW | H5: FIBER CAPPING | I5: FIBER CONNECTOR BEND | J5: Fiber Termination Box, 2F, SC,In/Outdoor | K5: Fiber Mechanical Splice, 1F, SM/MM | L5: Bare Fiber Sleeves, Protection Sleeve-Single 60mm | M5: Heat Shrink for External Cables | N5: FIBER HOUSE TERMINATION BOX,1F,SM,INDO | O5: BRACKET,NO.22,011114 | P5: CLAMP,D/W NO.10A,(NYLON COATED STEEL WIR | Q5: Quick SC/UPC Connector Blue for GPON | R5: CABLE 2F,GPON AERIAL DROP,BTC/1023/FIBER | S5: Fiber Mechanical Splice, 1F, SM/MM2 | T5: Quick SC/UPC Connector Blue for GPON2 | U5: FIBER HOUSE TERMINATION BOX,1F,SM,INDO2 | V5: QUICK SC CONNECTOR KIT FOR SM FIBRE | W5: BNET-PIGTAIL-SM-SC/UPC-UNIVERSAL | X5: Cable2F,SM,Fully Filled,BTC/1021/Fibre | Y5: Cable4F,SM,Outdoor(4F/Tube),GPON2 | Z5: Quick SC/UPC Connector blue for GPON | AA5: ADAPTER, SIMPLEX SC, BLUE PLASTIC | AB5: FIBER PATCH CORD,SC/SCSM, DUPLEX, 4M | AC5: FIBER PATCH CORD,SC/LC SM, DUPLEX,4M | AD5: 20mm Piping | AE5: 16mm Trunking | AF5: ONT - Bnet WiFi 6 | AG5: ONT - Bnet H5 | AH5: ONT - ETISALCOM | AI5: Patch cord | AJ5: CABLE DROPWIRE NO.10, CW1411 | AK5: CABLE,2PR/0.5MM,TWISTED TCW PVC INSUL.WH | AL5: CABLE,2 PR/0.5MM ,LEADING_IN SP1068 | AM5: JUMPER,2W/0.5,7000SERIES,(BLU/YL) 400M | AN5: CLAMP,D/W NO.10A,(NYLON COATED STEEL WIR2 | AO5: BRACKET,NO.22,0111142 | AP5: PLUG 4-WIRE 6-POS AMERICAN TYPE WE4 LINE | AQ5: B.S PLUG 431A | AR5: CONNECTOR,3M UR2 RED(IN CARTRIDGES) | AS5: BOX PLASTIC PVC,3X3"(FOR LINE JACK UNIT) | AT5: JACK LINE,UNIT 3/4A,MASTER (WITH LOGO) | AU5: JACK,4/4A,MASTER,(WITH BATELCO LOGO) | AV5: TP-LINK ARCHER VR600 AC1600 | AW5: ONT S/N | AX5: ONT Reservation No. 4910000924 | AY5: Add Noted
A6: ='Form Responses 1'!A3 -> 46069.744 | B6: ='Form Responses 1'!C3 -> 20067866 | F6: ='Form Responses 1'!O3 | G6: ='Form Responses 1'!P3 | H6: ='Form Responses 1'!Q3 | I6: ='Form Responses 1'!R3 | J6: ='Form Responses 1'!M3 | L6: ='Form Responses 1'!K3 | N6: ='Form Responses 1'!I3 | O6: ='Form Responses 1'!U3 | P6: ='Form Responses 1'!S3 | Q6: ='Form Responses 1'!N3 | R6: ='Form Responses 1'!T3 | U6: ='Form Responses 1'!I3 | W6: ='Form Responses 1'!J3 | X6: ='Form Responses 1'!L3 | Z6: ='Form Responses 1'!N3 | AA6: ='Form Responses 1'!V3 | AF6: ='Form Responses 1'!E3 -> FTTR Master ONT | AI6: ='Form Responses 1'!H3 -> 1 | AW6: ='Form Responses 1'!F3 -> 48575443FBA858B6
A7: ='Form Responses 1'!A4 -> 46069.744 | B7: ='Form Responses 1'!C4 -> 20067880 | F7: ='Form Responses 1'!O4 | G7: ='Form Responses 1'!P4 | H7: ='Form Responses 1'!Q4 | I7: ='Form Responses 1'!R4 | J7: ='Form Responses 1'!M4 | L7: ='Form Responses 1'!K4 | N7: ='Form Responses 1'!I4 | O7: ='Form Responses 1'!U4 | P7: ='Form Responses 1'!S4 | Q7: ='Form Responses 1'!N4 -> 1 | R7: ='Form Responses 1'!T4 | U7: ='Form Responses 1'!I4 | W7: ='Form Responses 1'!J4 | X7: ='Form Responses 1'!L4 | Z7: ='Form Responses 1'!N4 -> 1 | AA7: ='Form Responses 1'!V4 | AF7: ='Form Responses 1'!E4 | AI7: ='Form Responses 1'!H4 | AW7: ='Form Responses 1'!F4
A8: ='Form Responses 1'!A5 -> 46069.745 | B8: ='Form Responses 1'!C5 -> 20067799 | F8: ='Form Responses 1'!O5 | G8: ='Form Responses 1'!P5 | H8: ='Form Responses 1'!Q5 | I8: ='Form Responses 1'!R5 | J8: ='Form Responses 1'!M5 | L8: ='Form Responses 1'!K5 | N8: ='Form Responses 1'!I5 | O8: ='Form Responses 1'!U5 | P8: ='Form Responses 1'!S5 | Q8: ='Form Responses 1'!N5 | R8: ='Form Responses 1'!T5 | U8: ='Form Responses 1'!I5 | W8: ='Form Responses 1'!J5 | X8: ='Form Responses 1'!L5 | Z8: ='Form Responses 1'!N5 | AA8: ='Form Responses 1'!V5 | AF8: ='Form Responses 1'!E5 | AI8: ='Form Responses 1'!H5 -> 1 | AW8: ='Form Responses 1'!F5
A9: ='Form Responses 1'!A6 -> 46069.745 | B9: ='Form Responses 1'!C6 -> 20067818 | F9: ='Form Responses 1'!O6 | G9: ='Form Responses 1'!P6 | H9: ='Form Responses 1'!Q6 | I9: ='Form Responses 1'!R6 | J9: ='Form Responses 1'!M6 | L9: ='Form Responses 1'!K6 | N9: ='Form Responses 1'!I6 | O9: ='Form Responses 1'!U6 | P9: ='Form Responses 1'!S6 | Q9: ='Form Responses 1'!N6 -> 1 | R9: ='Form Responses 1'!T6 | U9: ='Form Responses 1'!I6 | W9: ='Form Responses 1'!J6 | X9: ='Form Responses 1'!L6 | Z9: ='Form Responses 1'!N6 -> 1 | AA9: ='Form Responses 1'!V6 | AF9: ='Form Responses 1'!E6 | AI9: ='Form Responses 1'!H6 | AW9: ='Form Responses 1'!F6
A10: ='Form Responses 1'!A7 -> 46069.746 | B10: ='Form Responses 1'!C7 -> 20067819 | F10: ='Form Responses 1'!O7 | G10: ='Form Responses 1'!P7 | H10: ='Form Responses 1'!Q7 | I10: ='Form Responses 1'!R7 | J10: ='Form Responses 1'!M7 | L10: ='Form Responses 1'!K7 -> 1 | N10: ='Form Responses 1'!I7 | O10: ='Form Responses 1'!U7 | P10: ='Form Responses 1'!S7 | Q10: ='Form Responses 1'!N7 | R10: ='Form Responses 1'!T7 | U10: ='Form Responses 1'!I7 | W10: ='Form Responses 1'!J7 | X10: ='Form Responses 1'!L7 | Z10: ='Form Responses 1'!N7 | AA10: ='Form Responses 1'!V7 | AF10: ='Form Responses 1'!E7 | AI10: ='Form Responses 1'!H7 | AW10: ='Form Responses 1'!F7
A11: ='Form Responses 1'!A8 -> 46069.85 | B11: ='Form Responses 1'!C8 -> 20067888 | F11: ='Form Responses 1'!O8 | G11: ='Form Responses 1'!P8 | H11: ='Form Responses 1'!Q8 | I11: ='Form Responses 1'!R8 | J11: ='Form Responses 1'!M8 | L11: ='Form Responses 1'!K8 | N11: ='Form Responses 1'!I8 -> 1 | O11: ='Form Responses 1'!U8 | P11: ='Form Responses 1'!S8 | Q11: ='Form Responses 1'!N8 | R11: ='Form Responses 1'!T8 | U11: ='Form Responses 1'!I8 -> 1 | W11: ='Form Responses 1'!J8 -> 1 | X11: ='Form Responses 1'!L8 | Z11: ='Form Responses 1'!N8 | AA11: ='Form Responses 1'!V8 | AF11: ='Form Responses 1'!E8 | AI11: ='Form Responses 1'!H8 -> 1 | AW11: ='Form Responses 1'!F8
A12: ='Form Responses 1'!A9 -> 46070.412 | B12: ='Form Responses 1'!C9 -> 20067572 | F12: ='Form Responses 1'!O9 | G12: ='Form Responses 1'!P9 | H12: ='Form Responses 1'!Q9 | I12: ='Form Responses 1'!R9 | J12: ='Form Responses 1'!M9 | L12: ='Form Responses 1'!K9 | N12: ='Form Responses 1'!I9 | O12: ='Form Responses 1'!U9 | P12: ='Form Responses 1'!S9 | Q12: ='Form Responses 1'!N9 | R12: ='Form Responses 1'!T9 | U12: ='Form Responses 1'!I9 | W12: ='Form Responses 1'!J9 | X12: ='Form Responses 1'!L9 | Z12: ='Form Responses 1'!N9 | AA12: ='Form Responses 1'!V9 | AF12: ='Form Responses 1'!E9 -> WiFi-6 | AI12: ='Form Responses 1'!H9 | AW12: ='Form Responses 1'!F9 -> 485754436F7604AF
A13: ='Form Responses 1'!A10 -> 46070.431 | B13: ='Form Responses 1'!C10 -> 20067910 | F13: ='Form Responses 1'!O10 -> 0 | G13: ='Form Responses 1'!P10 -> 0 | H13: ='Form Responses 1'!Q10 -> 0 | I13: ='Form Responses 1'!R10 -> 0 | J13: ='Form Responses 1'!M10 -> 0 | L13: ='Form Responses 1'!K10 -> 0 | N13: ='Form Responses 1'!I10 -> 0 | O13: ='Form Responses 1'!U10 -> 0 | P13: ='Form Responses 1'!S10 -> 0 | Q13: ='Form Responses 1'!N10 -> 0 | R13: ='Form Responses 1'!T10 -> 0 | U13: ='Form Responses 1'!I10 -> 0 | W13: ='Form Responses 1'!J10 -> 0 | X13: ='Form Responses 1'!L10 -> 0 | Z13: ='Form Responses 1'!N10 -> 0 | AA13: ='Form Responses 1'!V10 -> 0 | AF13: ='Form Responses 1'!E10 -> H-5 | AI13: ='Form Responses 1'!H10 -> 0 | AW13: ='Form Responses 1'!F10 -> 48575443BB28F8B3
A14: ='Form Responses 1'!A11 -> 46070.433 | B14: ='Form Responses 1'!C11 -> 20067887 | F14: ='Form Responses 1'!O11 -> 0 | G14: ='Form Responses 1'!P11 -> 0 | H14: ='Form Responses 1'!Q11 -> 0 | I14: ='Form Responses 1'!R11 -> 0 | J14: ='Form Responses 1'!M11 -> 0 | L14: ='Form Responses 1'!K11 -> 0 | N14: ='Form Responses 1'!I11 -> 0 | O14: ='Form Responses 1'!U11 -> 0 | P14: ='Form Responses 1'!S11 -> 0 | Q14: ='Form Responses 1'!N11 -> 0 | R14: ='Form Responses 1'!T11 -> 0 | U14: ='Form Responses 1'!I11 -> 0 | W14: ='Form Responses 1'!J11 -> 0 | X14: ='Form Responses 1'!L11 -> 0 | Z14: ='Form Responses 1'!N11 -> 0 | AA14: ='Form Responses 1'!V11 -> 0 | AF14: ='Form Responses 1'!E11 -> H-5 | AI14: ='Form Responses 1'!H11 -> 0 | AW14: ='Form Responses 1'!F11 -> 48575443BB24C6B3
A15: ='Form Responses 1'!A12 -> 46070.433 | B15: ='Form Responses 1'!C12 -> 20067876 | F15: ='Form Responses 1'!O12 -> 0 | G15: ='Form Responses 1'!P12 -> 0 | H15: ='Form Responses 1'!Q12 -> 0 | I15: ='Form Responses 1'!R12 -> 0 | J15: ='Form Responses 1'!M12 -> 1 | L15: ='Form Responses 1'!K12 -> 1 | N15: ='Form Responses 1'!I12 -> 0 | O15: ='Form Responses 1'!U12 -> 0 | P15: ='Form Responses 1'!S12 -> 0 | Q15: ='Form Responses 1'!N12 -> 0 | R15: ='Form Responses 1'!T12 -> 0 | U15: ='Form Responses 1'!I12 -> 0 | W15: ='Form Responses 1'!J12 -> 0 | X15: ='Form Responses 1'!L12 -> 0 | Z15: ='Form Responses 1'!N12 -> 0 | AA15: ='Form Responses 1'!V12 -> 0 | AF15: ='Form Responses 1'!E12 | AI15: ='Form Responses 1'!H12 -> 0 | AW15: ='Form Responses 1'!F12
A16: ='Form Responses 1'!A13 -> 46070.435 | B16: ='Form Responses 1'!C13 -> 20067825 | F16: ='Form Responses 1'!O13 -> 0 | G16: ='Form Responses 1'!P13 -> 0 | H16: ='Form Responses 1'!Q13 -> 0 | I16: ='Form Responses 1'!R13 -> 0 | J16: ='Form Responses 1'!M13 -> 0 | L16: ='Form Responses 1'!K13 -> 0 | N16: ='Form Responses 1'!I13 -> 0 | O16: ='Form Responses 1'!U13 -> 0 | P16: ='Form Responses 1'!S13 -> 0 | Q16: ='Form Responses 1'!N13 -> 1 | R16: ='Form Responses 1'!T13 -> 0 | U16: ='Form Responses 1'!I13 -> 0 | W16: ='Form Responses 1'!J13 -> 0 | X16: ='Form Responses 1'!L13 -> 0 | Z16: ='Form Responses 1'!N13 -> 1 | AA16: ='Form Responses 1'!V13 -> 0 | AF16: ='Form Responses 1'!E13 | AI16: ='Form Responses 1'!H13 -> 0 | AW16: ='Form Responses 1'!F13
A17: ='Form Responses 1'!A14 -> 46070.52 | B17: ='Form Responses 1'!C14 -> 20067811 | F17: ='Form Responses 1'!O14 | G17: ='Form Responses 1'!P14 | H17: ='Form Responses 1'!Q14 | I17: ='Form Responses 1'!R14 | J17: ='Form Responses 1'!M14 | L17: ='Form Responses 1'!K14 | N17: ='Form Responses 1'!I14 | O17: ='Form Responses 1'!U14 | P17: ='Form Responses 1'!S14 | Q17: ='Form Responses 1'!N14 | R17: ='Form Responses 1'!T14 | U17: ='Form Responses 1'!I14 | W17: ='Form Responses 1'!J14 | X17: ='Form Responses 1'!L14 | Z17: ='Form Responses 1'!N14 | AA17: ='Form Responses 1'!V14 | AF17: ='Form Responses 1'!E14 | AI17: ='Form Responses 1'!H14 -> 1 | AW17: ='Form Responses 1'!F14
... A22: ='Form Responses 1'!A19 -> 46070.526 | B22: ='Form Responses 1'!C19 -> 20067924 | F22: ='Form Responses 1'!O19 | G22: ='Form Responses 1'!P19 | H22: ='Form Responses 1'!Q19 | I22: ='Form Responses 1'!R19 | J22: ='Form Responses 1'!M19 | L22: ='Form Responses 1'!K19 -> 1 | N22: ='Form Responses 1'!I19 | O22: ='Form Responses 1'!U19 | P22: ='Form Responses 1'!S19 | Q22: ='Form Responses 1'!N19 | R22: ='Form Responses 1'!T19 | U22: ='Form Responses 1'!I19 | W22: ='Form Responses 1'!J19 -> 1 | X22: ='Form Responses 1'!L19 -> 55m | Z22: ='Form Responses 1'!N19 | AA22: ='Form Responses 1'!V19 | AF22: ='Form Responses 1'!E19 | AI22: ='Form Responses 1'!H19 | AW22: ='Form Responses 1'!F19
A23: ='Form Responses 1'!A21 -> 46070.744 | B23: ='Form Responses 1'!C21 -> 20067995 | F23: ='Form Responses 1'!O21 | G23: ='Form Responses 1'!P21 | H23: ='Form Responses 1'!Q21 | I23: ='Form Responses 1'!R21 | J23: ='Form Responses 1'!M21 | L23: ='Form Responses 1'!K21 -> 1 | N23: ='Form Responses 1'!I21 | O23: ='Form Responses 1'!U21 | P23: ='Form Responses 1'!S21 | Q23: ='Form Responses 1'!N21 | R23: ='Form Responses 1'!T21 | U23: ='Form Responses 1'!I21 | W23: ='Form Responses 1'!J21 -> 1 | X23: ='Form Responses 1'!L21 | Z23: ='Form Responses 1'!N21 | AA23: ='Form Responses 1'!V21 | AF23: ='Form Responses 1'!E21 | AI23: ='Form Responses 1'!H21 | AW23: ='Form Responses 1'!F21
A24: ='Form Responses 1'!A22 -> 46070.764 | B24: ='Form Responses 1'!C22 -> 20067994 | F24: ='Form Responses 1'!O22 | G24: ='Form Responses 1'!P22 | H24: ='Form Responses 1'!Q22 | I24: ='Form Responses 1'!R22 | J24: ='Form Responses 1'!M22 | L24: ='Form Responses 1'!K22 | N24: ='Form Responses 1'!I22 | O24: ='Form Responses 1'!U22 | P24: ='Form Responses 1'!S22 | Q24: ='Form Responses 1'!N22 | R24: ='Form Responses 1'!T22 | U24: ='Form Responses 1'!I22 | W24: ='Form Responses 1'!J22 | X24: ='Form Responses 1'!L22 | Z24: ='Form Responses 1'!N22 | AA24: ='Form Responses 1'!V22 | AF24: ='Form Responses 1'!E22 -> WiFi-6 | AI24: ='Form Responses 1'!H22 | AW24: ='Form Responses 1'!F22 -> 4857544344E8B0B3
A25: ='Form Responses 1'!A23 -> 46070.833 | B25: ='Form Responses 1'!C23 -> 20068009 | F25: ='Form Responses 1'!O23 | G25: ='Form Responses 1'!P23 | H25: ='Form Responses 1'!Q23 | I25: ='Form Responses 1'!R23 | J25: ='Form Responses 1'!M23 | L25: ='Form Responses 1'!K23 | N25: ='Form Responses 1'!I23 | O25: ='Form Responses 1'!U23 | P25: ='Form Responses 1'!S23 | Q25: ='Form Responses 1'!N23 | R25: ='Form Responses 1'!T23 | U25: ='Form Responses 1'!I23 | W25: ='Form Responses 1'!J23 | X25: ='Form Responses 1'!L23 | Z25: ='Form Responses 1'!N23 | AA25: ='Form Responses 1'!V23 | AF25: ='Form Responses 1'!E23 | AI25: ='Form Responses 1'!H23 -> 1 | AW25: ='Form Responses 1'!F23
A26: ='Form Responses 1'!A24 -> 46071.43 | B26: ='Form Responses 1'!C24 -> 20067983 | F26: ='Form Responses 1'!O24 | G26: ='Form Responses 1'!P24 | H26: ='Form Responses 1'!Q24 | I26: ='Form Responses 1'!R24 | J26: ='Form Responses 1'!M24 | L26: ='Form Responses 1'!K24 | N26: ='Form Responses 1'!I24 | O26: ='Form Responses 1'!U24 | P26: ='Form Responses 1'!S24 | Q26: ='Form Responses 1'!N24 | R26: ='Form Responses 1'!T24 | U26: ='Form Responses 1'!I24 | W26: ='Form Responses 1'!J24 | X26: ='Form Responses 1'!L24 | Z26: ='Form Responses 1'!N24 | AA26: ='Form Responses 1'!V24 | AF26: ='Form Responses 1'!E24 -> FTTR Master ONT | AI26: ='Form Responses 1'!H24 | AW26: ='Form Responses 1'!F24 -> 48575443FBAB0CB6
A27: ='Form Responses 1'!A25 -> 46071.431 | B27: ='Form Responses 1'!C25 -> 20067991 | F27: ='Form Responses 1'!O25 | G27: ='Form Responses 1'!P25 | H27: ='Form Responses 1'!Q25 | I27: ='Form Responses 1'!R25 | J27: ='Form Responses 1'!M25 | L27: ='Form Responses 1'!K25 | N27: ='Form Responses 1'!I25 | O27: ='Form Responses 1'!U25 | P27: ='Form Responses 1'!S25 | Q27: ='Form Responses 1'!N25 | R27: ='Form Responses 1'!T25 | U27: ='Form Responses 1'!I25 | W27: ='Form Responses 1'!J25 | X27: ='Form Responses 1'!L25 | Z27: ='Form Responses 1'!N25 | AA27: ='Form Responses 1'!V25 | AF27: ='Form Responses 1'!E25 | AI27: ='Form Responses 1'!H25 | AW27: ='Form Responses 1'!F25
A28: ='Form Responses 1'!A26 -> 46071.431 | B28: ='Form Responses 1'!C26 -> 20067979 | F28: ='Form Responses 1'!O26 | G28: ='Form Responses 1'!P26 | H28: ='Form Responses 1'!Q26 | I28: ='Form Responses 1'!R26 | J28: ='Form Responses 1'!M26 | L28: ='Form Responses 1'!K26 | N28: ='Form Responses 1'!I26 | O28: ='Form Responses 1'!U26 | P28: ='Form Responses 1'!S26 | Q28: ='Form Responses 1'!N26 | R28: ='Form Responses 1'!T26 | U28: ='Form Responses 1'!I26 | W28: ='Form Responses 1'!J26 | X28: ='Form Responses 1'!L26 | Z28: ='Form Responses 1'!N26 | AA28: ='Form Responses 1'!V26 | AF28: ='Form Responses 1'!E26 | AI28: ='Form Responses 1'!H26 -> 1 | AW28: ='Form Responses 1'!F26
A29: ='Form Responses 1'!A27 -> 46071.432 | B29: ='Form Responses 1'!C27 -> 20067928 | F29: ='Form Responses 1'!O27 | G29: ='Form Responses 1'!P27 | H29: ='Form Responses 1'!Q27 | I29: ='Form Responses 1'!R27 | J29: ='Form Responses 1'!M27 | L29: ='Form Responses 1'!K27 | N29: ='Form Responses 1'!I27 | O29: ='Form Responses 1'!U27 | P29: ='Form Responses 1'!S27 | Q29: ='Form Responses 1'!N27 | R29: ='Form Responses 1'!T27 | U29: ='Form Responses 1'!I27 | W29: ='Form Responses 1'!J27 | X29: ='Form Responses 1'!L27 | Z29: ='Form Responses 1'!N27 | AA29: ='Form Responses 1'!V27 | AF29: ='Form Responses 1'!E27 | AI29: ='Form Responses 1'!H27 | AW29: ='Form Responses 1'!F27
A30: ='Form Responses 1'!A28 -> 46071.432 | B30: ='Form Responses 1'!C28 -> 20067943 | F30: ='Form Responses 1'!O28 | G30: ='Form Responses 1'!P28 | H30: ='Form Responses 1'!Q28 | I30: ='Form Responses 1'!R28 | J30: ='Form Responses 1'!M28 | L30: ='Form Responses 1'!K28 -> 1 | N30: ='Form Responses 1'!I28 | O30: ='Form Responses 1'!U28 | P30: ='Form Responses 1'!S28 | Q30: ='Form Responses 1'!N28 -> 1 | R30: ='Form Responses 1'!T28 | U30: ='Form Responses 1'!I28 | W30: ='Form Responses 1'!J28 -> 1 | X30: ='Form Responses 1'!L28 -> 25 | Z30: ='Form Responses 1'!N28 -> 1 | AA30: ='Form Responses 1'!V28 | AF30: ='Form Responses 1'!E28 | AI30: ='Form Responses 1'!H28 | AW30: ='Form Responses 1'!F28
A31: ='Form Responses 1'!A29 -> 46071.433 | B31: ='Form Responses 1'!C29 -> 20067942 | F31: ='Form Responses 1'!O29 | G31: ='Form Responses 1'!P29 | H31: ='Form Responses 1'!Q29 | I31: ='Form Responses 1'!R29 | J31: ='Form Responses 1'!M29 | L31: ='Form Responses 1'!K29 -> 1 | N31: ='Form Responses 1'!I29 | O31: ='Form Responses 1'!U29 | P31: ='Form Responses 1'!S29 | Q31: ='Form Responses 1'!N29 | R31: ='Form Responses 1'!T29 | U31: ='Form Responses 1'!I29 | W31: ='Form Responses 1'!J29 -> 1 | X31: ='Form Responses 1'!L29 | Z31: ='Form Responses 1'!N29 | AA31: ='Form Responses 1'!V29 | AF31: ='Form Responses 1'!E29 | AI31: ='Form Responses 1'!H29 | AW31: ='Form Responses 1'!F29
A32: ='Form Responses 1'!A30 -> 46071.433 | B32: ='Form Responses 1'!C30 -> 20067931 | F32: ='Form Responses 1'!O30 | G32: ='Form Responses 1'!P30 | H32: ='Form Responses 1'!Q30 | I32: ='Form Responses 1'!R30 | J32: ='Form Responses 1'!M30 | L32: ='Form Responses 1'!K30 -> 1 | N32: ='Form Responses 1'!I30 | O32: ='Form Responses 1'!U30 | P32: ='Form Responses 1'!S30 | Q32: ='Form Responses 1'!N30 | R32: ='Form Responses 1'!T30 | U32: ='Form Responses 1'!I30 | W32: ='Form Responses 1'!J30 | X32: ='Form Responses 1'!L30 | Z32: ='Form Responses 1'!N30 | AA32: ='Form Responses 1'!V30 | AF32: ='Form Responses 1'!E30 | AI32: ='Form Responses 1'!H30 | AW32: ='Form Responses 1'!F30
A33: ='Form Responses 1'!A31 -> 46071.811 | B33: ='Form Responses 1'!C31 -> 20068086 | F33: ='Form Responses 1'!O31 | G33: ='Form Responses 1'!P31 | H33: ='Form Responses 1'!Q31 | I33: ='Form Responses 1'!R31 | J33: ='Form Responses 1'!M31 | L33: ='Form Responses 1'!K31 | N33: ='Form Responses 1'!I31 | O33: ='Form Responses 1'!U31 | P33: ='Form Responses 1'!S31 | Q33: ='Form Responses 1'!N31 -> 1 | R33: ='Form Responses 1'!T31 | U33: ='Form Responses 1'!I31 | W33: ='Form Responses 1'!J31 | X33: ='Form Responses 1'!L31 | Z33: ='Form Responses 1'!N31 -> 1 | AA33: ='Form Responses 1'!V31 | AF33: ='Form Responses 1'!E31 | AI33: ='Form Responses 1'!H31 | AW33: ='Form Responses 1'!F31
A34: ='Form Responses 1'!A32 -> 46071.811 | B34: ='Form Responses 1'!C32 -> 20068087 | F34: ='Form Responses 1'!O32 | G34: ='Form Responses 1'!P32 | H34: ='Form Responses 1'!Q32 | I34: ='Form Responses 1'!R32 | J34: ='Form Responses 1'!M32 | L34: ='Form Responses 1'!K32 -> 1 | N34: ='Form Responses 1'!I32 | O34: ='Form Responses 1'!U32 | P34: ='Form Responses 1'!S32 | Q34: ='Form Responses 1'!N32 | R34: ='Form Responses 1'!T32 | U34: ='Form Responses 1'!I32 | W34: ='Form Responses 1'!J32 | X34: ='Form Responses 1'!L32 | Z34: ='Form Responses 1'!N32 | AA34: ='Form Responses 1'!V32 | AF34: ='Form Responses 1'!E32 | AI34: ='Form Responses 1'!H32 | AW34: ='Form Responses 1'!F32
... A41: ='Form Responses 1'!A39 -> 46071.832 | B41: ='Form Responses 1'!C39 -> 20068057 | F41: ='Form Responses 1'!O39 | G41: ='Form Responses 1'!P39 | H41: ='Form Responses 1'!Q39 | I41: ='Form Responses 1'!R39 | J41: ='Form Responses 1'!M39 | L41: ='Form Responses 1'!K39 | N41: ='Form Responses 1'!I39 | O41: ='Form Responses 1'!U39 | P41: ='Form Responses 1'!S39 | Q41: ='Form Responses 1'!N39 | R41: ='Form Responses 1'!T39 | U41: ='Form Responses 1'!I39 | W41: ='Form Responses 1'!J39 | X41: ='Form Responses 1'!L39 | Z41: ='Form Responses 1'!N39 | AA41: ='Form Responses 1'!V39 | AF41: ='Form Responses 1'!E39 -> 2G | AI41: ='Form Responses 1'!H39 | AW41: ='Form Responses 1'!F39 -> SN:48575443400E3DB1
A42: ='Form Responses 1'!A40 -> 46071.833 | B42: ='Form Responses 1'!C40 -> 20067846 | F42: ='Form Responses 1'!O40 | G42: ='Form Responses 1'!P40 | H42: ='Form Responses 1'!Q40 | I42: ='Form Responses 1'!R40 | J42: ='Form Responses 1'!M40 | L42: 1 | N42: ='Form Responses 1'!I40 | O42: ='Form Responses 1'!U40 | P42: ='Form Responses 1'!S40 | Q42: ='Form Responses 1'!N40 | R42: ='Form Responses 1'!T40 | U42: ='Form Responses 1'!I40 | W42: 1 | X42: ='Form Responses 1'!L40 | Z42: ='Form Responses 1'!N40 | AA42: ='Form Responses 1'!V40 | AF42: ='Form Responses 1'!E40 -> FTTR Master ONT | AI42: ='Form Responses 1'!H40 | AW42: ='Form Responses 1'!F40 -> sn:48575443FBA7CDB6
A43: ='Form Responses 1'!A41 -> 46071.833 | B43: ='Form Responses 1'!C41 -> 20068089 | F43: ='Form Responses 1'!O41 | G43: ='Form Responses 1'!P41 | H43: ='Form Responses 1'!Q41 | I43: ='Form Responses 1'!R41 | J43: ='Form Responses 1'!M41 | L43: ='Form Responses 1'!K41 | N43: ='Form Responses 1'!I41 | O43: ='Form Responses 1'!U41 | P43: ='Form Responses 1'!S41 | Q43: ='Form Responses 1'!N41 | R43: ='Form Responses 1'!T41 | U43: ='Form Responses 1'!I41 | W43: ='Form Responses 1'!J41 | X43: ='Form Responses 1'!L41 | Z43: ='Form Responses 1'!N41 | AA43: ='Form Responses 1'!V41 | AF43: ='Form Responses 1'!E41 | AI43: ='Form Responses 1'!H41 -> 1 | AW43: ='Form Responses 1'!F41
A44: ='Form Responses 1'!A42 -> 46071.834 | B44: ='Form Responses 1'!C42 -> 20068116 | F44: ='Form Responses 1'!O42 | G44: ='Form Responses 1'!P42 | H44: ='Form Responses 1'!Q42 | I44: ='Form Responses 1'!R42 | J44: ='Form Responses 1'!M42 | L44: ='Form Responses 1'!K42 | N44: ='Form Responses 1'!I42 | O44: ='Form Responses 1'!U42 | P44: ='Form Responses 1'!S42 | Q44: ='Form Responses 1'!N42 -> 1 | R44: ='Form Responses 1'!T42 | U44: ='Form Responses 1'!I42 | W44: ='Form Responses 1'!J42 | X44: ='Form Responses 1'!L42 | Z44: ='Form Responses 1'!N42 -> 1 | AA44: ='Form Responses 1'!V42 | AF44: ='Form Responses 1'!E42 | AI44: ='Form Responses 1'!H42 | AW44: ='Form Responses 1'!F42
A45: ='Form Responses 1'!A43 -> 46072.949 | B45: ='Form Responses 1'!C43 -> 20068167 | F45: ='Form Responses 1'!O43 | G45: ='Form Responses 1'!P43 | H45: ='Form Responses 1'!Q43 | I45: ='Form Responses 1'!R43 | J45: ='Form Responses 1'!M43 | L45: ='Form Responses 1'!K43 | N45: ='Form Responses 1'!I43 | O45: ='Form Responses 1'!U43 | P45: ='Form Responses 1'!S43 | Q45: ='Form Responses 1'!N43 | R45: ='Form Responses 1'!T43 | U45: ='Form Responses 1'!I43 | W45: ='Form Responses 1'!J43 | X45: ='Form Responses 1'!L43 | Z45: ='Form Responses 1'!N43 | AA45: ='Form Responses 1'!V43 | AF45: ='Form Responses 1'!E43 -> FTTR Master ONT | AI45: ='Form Responses 1'!H43 | AW45: ='Form Responses 1'!F43 -> 48675443FBAA50B6
A46: ='Form Responses 1'!A44 -> 46072.95 | B46: ='Form Responses 1'!C44 -> 20068127 | F46: ='Form Responses 1'!O44 | G46: ='Form Responses 1'!P44 | H46: ='Form Responses 1'!Q44 | I46: ='Form Responses 1'!R44 | J46: ='Form Responses 1'!M44 | L46: ='Form Responses 1'!K44 | N46: ='Form Responses 1'!I44 | O46: ='Form Responses 1'!U44 | P46: ='Form Responses 1'!S44 | Q46: ='Form Responses 1'!N44 | R46: ='Form Responses 1'!T44 | U46: ='Form Responses 1'!I44 | W46: ='Form Responses 1'!J44 | X46: ='Form Responses 1'!L44 | Z46: ='Form Responses 1'!N44 | AA46: ='Form Responses 1'!V44 -> 1 | AF46: ='Form Responses 1'!E44 | AI46: ='Form Responses 1'!H44 | AW46: ='Form Responses 1'!F44
A47: ='Form Responses 1'!A45 -> 46072.95 | B47: ='Form Responses 1'!C45 -> 20068183 | F47: ='Form Responses 1'!O45 | G47: ='Form Responses 1'!P45 | H47: ='Form Responses 1'!Q45 | I47: ='Form Responses 1'!R45 | J47: ='Form Responses 1'!M45 | L47: ='Form Responses 1'!K45 | N47: ='Form Responses 1'!I45 | O47: ='Form Responses 1'!U45 | P47: ='Form Responses 1'!S45 | Q47: ='Form Responses 1'!N45 -> 1 | R47: ='Form Responses 1'!T45 | U47: ='Form Responses 1'!I45 | W47: ='Form Responses 1'!J45 | X47: ='Form Responses 1'!L45 | Z47: ='Form Responses 1'!N45 -> 1 | AA47: ='Form Responses 1'!V45 | AF47: ='Form Responses 1'!E45 | AI47: ='Form Responses 1'!H45 | AW47: ='Form Responses 1'!F45
A48: ='Form Responses 1'!A46 -> 46072.951 | B48: ='Form Responses 1'!C46 -> 20068150 | F48: ='Form Responses 1'!O46 | G48: ='Form Responses 1'!P46 | H48: ='Form Responses 1'!Q46 | I48: ='Form Responses 1'!R46 | J48: ='Form Responses 1'!M46 | L48: ='Form Responses 1'!K46 -> 1 | N48: ='Form Responses 1'!I46 | O48: ='Form Responses 1'!U46 | P48: ='Form Responses 1'!S46 | Q48: ='Form Responses 1'!N46 | R48: ='Form Responses 1'!T46 | U48: ='Form Responses 1'!I46 | W48: ='Form Responses 1'!J46 -> 1 | X48: ='Form Responses 1'!L46 | Z48: ='Form Responses 1'!N46 | AA48: ='Form Responses 1'!V46 | AF48: ='Form Responses 1'!E46 | AI48: ='Form Responses 1'!H46 | AW48: ='Form Responses 1'!F46
A49: ='Form Responses 1'!A47 -> 46072.951 | B49: ='Form Responses 1'!C47 -> 20068082 | F49: ='Form Responses 1'!O47 | G49: ='Form Responses 1'!P47 | H49: ='Form Responses 1'!Q47 | I49: ='Form Responses 1'!R47 | J49: ='Form Responses 1'!M47 | L49: ='Form Responses 1'!K47 | N49: ='Form Responses 1'!I47 | O49: ='Form Responses 1'!U47 | P49: ='Form Responses 1'!S47 | Q49: ='Form Responses 1'!N47 | R49: ='Form Responses 1'!T47 | U49: ='Form Responses 1'!I47 | W49: ='Form Responses 1'!J47 | X49: ='Form Responses 1'!L47 | Z49: ='Form Responses 1'!N47 | AA49: ='Form Responses 1'!V47 -> 1 | AF49: ='Form Responses 1'!E47 | AI49: ='Form Responses 1'!H47 | AW49: ='Form Responses 1'!F47
A50: ='Form Responses 1'!A48 -> 46074.395 | B50: ='Form Responses 1'!C48 -> 20068137 | F50: ='Form Responses 1'!O48 | G50: ='Form Responses 1'!P48 | H50: ='Form Responses 1'!Q48 | I50: ='Form Responses 1'!R48 | J50: ='Form Responses 1'!M48 | L50: ='Form Responses 1'!K48 | N50: ='Form Responses 1'!I48 | O50: ='Form Responses 1'!U48 | P50: ='Form Responses 1'!S48 | Q50: ='Form Responses 1'!N48 | R50: ='Form Responses 1'!T48 | U50: ='Form Responses 1'!I48 | W50: ='Form Responses 1'!J48 | X50: ='Form Responses 1'!L48 | Z50: ='Form Responses 1'!N48 | AA50: ='Form Responses 1'!V48 | AF50: ='Form Responses 1'!E48 | AI50: ='Form Responses 1'!H48 -> 1 | AW50: ='Form Responses 1'!F48
A51: ='Form Responses 1'!A49 -> 46074.395 | B51: ='Form Responses 1'!C49 -> 20068124 | F51: ='Form Responses 1'!O49 | G51: ='Form Responses 1'!P49 | H51: ='Form Responses 1'!Q49 | I51: ='Form Responses 1'!R49 | J51: ='Form Responses 1'!M49 | L51: ='Form Responses 1'!K49 | N51: ='Form Responses 1'!I49 | O51: ='Form Responses 1'!U49 | P51: ='Form Responses 1'!S49 | Q51: ='Form Responses 1'!N49 | R51: ='Form Responses 1'!T49 | U51: ='Form Responses 1'!I49 | W51: ='Form Responses 1'!J49 | X51: ='Form Responses 1'!L49 | Z51: ='Form Responses 1'!N49 | AA51: ='Form Responses 1'!V49 | AF51: ='Form Responses 1'!E49 | AI51: ='Form Responses 1'!H49 -> 1 | AW51: ='Form Responses 1'!F49
A52: ='Form Responses 1'!A50 -> 46074.396 | B52: ='Form Responses 1'!C50 -> 20068185 | F52: ='Form Responses 1'!O50 | G52: ='Form Responses 1'!P50 | H52: ='Form Responses 1'!Q50 | I52: ='Form Responses 1'!R50 | J52: ='Form Responses 1'!M50 | L52: ='Form Responses 1'!K50 -> 1 | N52: ='Form Responses 1'!I50 | O52: ='Form Responses 1'!U50 | P52: ='Form Responses 1'!S50 | Q52: ='Form Responses 1'!N50 | R52: ='Form Responses 1'!T50 | U52: ='Form Responses 1'!I50 | W52: ='Form Responses 1'!J50 | X52: ='Form Responses 1'!L50 | Z52: ='Form Responses 1'!N50 | AA52: ='Form Responses 1'!V50 | AF52: ='Form Responses 1'!E50 | AI52: ='Form Responses 1'!H50 | AW52: ='Form Responses 1'!F50
A53: ='Form Responses 1'!A51 -> 46074.396 | B53: ='Form Responses 1'!C51 -> 20068193 | F53: ='Form Responses 1'!O51 | G53: ='Form Responses 1'!P51 | H53: ='Form Responses 1'!Q51 | I53: ='Form Responses 1'!R51 | J53: ='Form Responses 1'!M51 | L53: ='Form Responses 1'!K51 -> 1 | N53: ='Form Responses 1'!I51 | O53: ='Form Responses 1'!U51 | P53: ='Form Responses 1'!S51 | Q53: ='Form Responses 1'!N51 | R53: ='Form Responses 1'!T51 | U53: ='Form Responses 1'!I51 | W53: ='Form Responses 1'!J51 -> 1 | X53: ='Form Responses 1'!L51 | Z53: ='Form Responses 1'!N51 | AA53: ='Form Responses 1'!V51 | AF53: ='Form Responses 1'!E51 | AI53: ='Form Responses 1'!H51 | AW53: ='Form Responses 1'!F51
A54: ='Form Responses 1'!A52 -> 46074.397 | B54: ='Form Responses 1'!C52 -> 20068217 | F54: ='Form Responses 1'!O52 | G54: ='Form Responses 1'!P52 | H54: ='Form Responses 1'!Q52 | I54: ='Form Responses 1'!R52 | J54: ='Form Responses 1'!M52 | L54: ='Form Responses 1'!K52 | N54: ='Form Responses 1'!I52 | O54: ='Form Responses 1'!U52 | P54: ='Form Responses 1'!S52 | Q54: ='Form Responses 1'!N52 | R54: ='Form Responses 1'!T52 | U54: ='Form Responses 1'!I52 | W54: ='Form Responses 1'!J52 | X54: ='Form Responses 1'!L52 | Z54: ='Form Responses 1'!N52 | AA54: ='Form Responses 1'!V52 | AF54: ='Form Responses 1'!E52 | AI54: ='Form Responses 1'!H52 | AW54: ='Form Responses 1'!F52
A55: ='Form Responses 1'!A53 -> 46074.399 | B55: ='Form Responses 1'!C53 -> 20068190 | F55: ='Form Responses 1'!O53 | G55: ='Form Responses 1'!P53 | H55: ='Form Responses 1'!Q53 | I55: ='Form Responses 1'!R53 | J55: ='Form Responses 1'!M53 | L55: ='Form Responses 1'!K53 | N55: ='Form Responses 1'!I53 | O55: ='Form Responses 1'!U53 | P55: ='Form Responses 1'!S53 | Q55: ='Form Responses 1'!N53 | R55: ='Form Responses 1'!T53 | U55: ='Form Responses 1'!I53 | W55: ='Form Responses 1'!J53 | X55: ='Form Responses 1'!L53 | Z55: ='Form Responses 1'!N53 | AA55: ='Form Responses 1'!V53 | AF55: ='Form Responses 1'!E53 -> FTTR Master ONT | AI55: ='Form Responses 1'!H53 | AW55: ='Form Responses 1'!F53 -> 48575443FBA647B6
A56: ='Form Responses 1'!A55 -> 46074.677 | B56: ='Form Responses 1'!C55 -> 20068254 | F56: ='Form Responses 1'!O55 | G56: ='Form Responses 1'!P55 | H56: ='Form Responses 1'!Q55 | I56: ='Form Responses 1'!R55 | J56: ='Form Responses 1'!M55 | L56: ='Form Responses 1'!K55 | N56: ='Form Responses 1'!I55 | O56: ='Form Responses 1'!U55 | P56: ='Form Responses 1'!S55 | Q56: ='Form Responses 1'!N55 | R56: ='Form Responses 1'!T55 | U56: ='Form Responses 1'!I55 | W56: ='Form Responses 1'!J55 | X56: ='Form Responses 1'!L55 | Z56: ='Form Responses 1'!N55 | AA56: ='Form Responses 1'!V55 | AF56: ='Form Responses 1'!E55 | AI56: ='Form Responses 1'!H55 -> 1 | AW56: ='Form Responses 1'!F55
A57: ='Form Responses 1'!A56 -> 46074.677 | B57: ='Form Responses 1'!C56 -> 20068345 | F57: ='Form Responses 1'!O56 | G57: ='Form Responses 1'!P56 | H57: ='Form Responses 1'!Q56 | I57: ='Form Responses 1'!R56 | J57: ='Form Responses 1'!M56 | L57: ='Form Responses 1'!K56 | N57: ='Form Responses 1'!I56 | O57: ='Form Responses 1'!U56 | P57: ='Form Responses 1'!S56 | Q57: ='Form Responses 1'!N56 | R57: ='Form Responses 1'!T56 | U57: ='Form Responses 1'!I56 | W57: ='Form Responses 1'!J56 | X57: ='Form Responses 1'!L56 | Z57: ='Form Responses 1'!N56 | AA57: ='Form Responses 1'!V56 | AF57: ='Form Responses 1'!E56 | AI57: ='Form Responses 1'!H56 -> 1 | AW57: ='Form Responses 1'!F56
A58: ='Form Responses 1'!A57 -> 46074.678 | B58: ='Form Responses 1'!C57 -> 20068242 | F58: ='Form Responses 1'!O57 | G58: ='Form Responses 1'!P57 | H58: ='Form Responses 1'!Q57 | I58: ='Form Responses 1'!R57 | J58: ='Form Responses 1'!M57 | L58: ='Form Responses 1'!K57 -> 1 | N58: ='Form Responses 1'!I57 -> 1 | O58: ='Form Responses 1'!U57 | P58: ='Form Responses 1'!S57 | Q58: ='Form Responses 1'!N57 | R58: ='Form Responses 1'!T57 | U58: ='Form Responses 1'!I57 -> 1 | W58: ='Form Responses 1'!J57 -> 1 | X58: ='Form Responses 1'!L57 | Z58: ='Form Responses 1'!N57 | AA58: ='Form Responses 1'!V57 -> 1 | AF58: ='Form Responses 1'!E57 | AI58: ='Form Responses 1'!H57 -> 1 | AW58: ='Form Responses 1'!F57
A59: ='Form Responses 1'!A58 -> 46074.678 | B59: ='Form Responses 1'!C58 -> 20068191 | F59: ='Form Responses 1'!O58 | G59: ='Form Responses 1'!P58 | H59: ='Form Responses 1'!Q58 | I59: ='Form Responses 1'!R58 | J59: ='Form Responses 1'!M58 | L59: ='Form Responses 1'!K58 | N59: ='Form Responses 1'!I58 | O59: ='Form Responses 1'!U58 | P59: ='Form Responses 1'!S58 | Q59: ='Form Responses 1'!N58 | R59: ='Form Responses 1'!T58 | U59: ='Form Responses 1'!I58 | W59: ='Form Responses 1'!J58 | X59: ='Form Responses 1'!L58 | Z59: ='Form Responses 1'!N58 | AA59: ='Form Responses 1'!V58 | AF59: ='Form Responses 1'!E58 | AI59: ='Form Responses 1'!H58 -> 1 | AW59: ='Form Responses 1'!F58
A60: ='Form Responses 1'!A59 -> 46074.678 | B60: ='Form Responses 1'!C59 -> 20068270 | F60: ='Form Responses 1'!O59 | G60: ='Form Responses 1'!P59 | H60: ='Form Responses 1'!Q59 | I60: ='Form Responses 1'!R59 | J60: ='Form Responses 1'!M59 | L60: ='Form Responses 1'!K59 | N60: ='Form Responses 1'!I59 | O60: ='Form Responses 1'!U59 | P60: ='Form Responses 1'!S59 | Q60: ='Form Responses 1'!N59 | R60: ='Form Responses 1'!T59 | U60: ='Form Responses 1'!I59 | W60: ='Form Responses 1'!J59 | X60: ='Form Responses 1'!L59 | Z60: ='Form Responses 1'!N59 | AA60: ='Form Responses 1'!V59 | AF60: ='Form Responses 1'!E59 | AI60: ='Form Responses 1'!H59 -> 1 | AW60: ='Form Responses 1'!F59
A61: ='Form Responses 1'!A60 -> 46074.679 | B61: ='Form Responses 1'!C60 -> 20068251 | F61: ='Form Responses 1'!O60 | G61: ='Form Responses 1'!P60 | H61: ='Form Responses 1'!Q60 | I61: ='Form Responses 1'!R60 | J61: ='Form Responses 1'!M60 | L61: ='Form Responses 1'!K60 | N61: ='Form Responses 1'!I60 | O61: ='Form Responses 1'!U60 | P61: ='Form Responses 1'!S60 | Q61: ='Form Responses 1'!N60 | R61: ='Form Responses 1'!T60 | U61: ='Form Responses 1'!I60 | W61: ='Form Responses 1'!J60 | X61: ='Form Responses 1'!L60 | Z61: ='Form Responses 1'!N60 | AA61: ='Form Responses 1'!V60 | AF61: ='Form Responses 1'!E60 | AI61: ='Form Responses 1'!H60 | AW61: ='Form Responses 1'!F60
A62: ='Form Responses 1'!A61 -> 46074.842 | B62: ='Form Responses 1'!C61 -> 20068253 | F62: ='Form Responses 1'!O61 | G62: ='Form Responses 1'!P61 | H62: ='Form Responses 1'!Q61 | I62: ='Form Responses 1'!R61 | J62: ='Form Responses 1'!M61 | L62: ='Form Responses 1'!K61 | N62: ='Form Responses 1'!I61 | O62: ='Form Responses 1'!U61 | P62: ='Form Responses 1'!S61 | Q62: ='Form Responses 1'!N61 | R62: ='Form Responses 1'!T61 | U62: ='Form Responses 1'!I61 | W62: ='Form Responses 1'!J61 | X62: ='Form Responses 1'!L61 | Z62: ='Form Responses 1'!N61 | AA62: ='Form Responses 1'!V61 | AF62: ='Form Responses 1'!E61 | AI62: ='Form Responses 1'!H61 -> 1 | AW62: ='Form Responses 1'!F61
A63: ='Form Responses 1'!A62 -> 46074.844 | B63: ='Form Responses 1'!C62 -> 20068272 | F63: ='Form Responses 1'!O62 | G63: ='Form Responses 1'!P62 | H63: ='Form Responses 1'!Q62 | I63: ='Form Responses 1'!R62 | J63: ='Form Responses 1'!M62 | L63: ='Form Responses 1'!K62 | N63: ='Form Responses 1'!I62 | O63: ='Form Responses 1'!U62 | P63: ='Form Responses 1'!S62 | Q63: ='Form Responses 1'!N62 | R63: ='Form Responses 1'!T62 | U63: ='Form Responses 1'!I62 | W63: ='Form Responses 1'!J62 | X63: ='Form Responses 1'!L62 | Z63: ='Form Responses 1'!N62 | AA63: ='Form Responses 1'!V62 | AF63: ='Form Responses 1'!E62 -> W5 | AI63: ='Form Responses 1'!H62 | AW63: ='Form Responses 1'!F62 -> 485754438A0E80A3
A64: ='Form Responses 1'!A63 -> 46074.845 | B64: ='Form Responses 1'!C63 -> 20068350 | F64: ='Form Responses 1'!O63 | G64: ='Form Responses 1'!P63 | H64: ='Form Responses 1'!Q63 | I64: ='Form Responses 1'!R63 | J64: ='Form Responses 1'!M63 -> 1 | L64: ='Form Responses 1'!K63 -> 2 | N64: ='Form Responses 1'!I63 | O64: ='Form Responses 1'!U63 | P64: ='Form Responses 1'!S63 | Q64: ='Form Responses 1'!N63 | R64: ='Form Responses 1'!T63 | U64: ='Form Responses 1'!I63 | W64: ='Form Responses 1'!J63 -> 1 | X64: ='Form Responses 1'!L63 -> 35 | Z64: ='Form Responses 1'!N63 | AA64: ='Form Responses 1'!V63 | AF64: ='Form Responses 1'!E63 | AI64: ='Form Responses 1'!H63 | AW64: ='Form Responses 1'!F63
A65: ='Form Responses 1'!A64 -> 46074.846 | B65: ='Form Responses 1'!C64 -> 20068290 | F65: ='Form Responses 1'!O64 | G65: ='Form Responses 1'!P64 | H65: ='Form Responses 1'!Q64 | I65: ='Form Responses 1'!R64 | J65: ='Form Responses 1'!M64 | L65: ='Form Responses 1'!K64 | N65: ='Form Responses 1'!I64 | O65: ='Form Responses 1'!U64 | P65: ='Form Responses 1'!S64 | Q65: ='Form Responses 1'!N64 | R65: ='Form Responses 1'!T64 | U65: ='Form Responses 1'!I64 | W65: ='Form Responses 1'!J64 | X65: ='Form Responses 1'!L64 | Z65: ='Form Responses 1'!N64 | AA65: ='Form Responses 1'!V64 | AF65: ='Form Responses 1'!E64 | AI65: ='Form Responses 1'!H64 -> 1 | AW65: ='Form Responses 1'!F64
A66: ='Form Responses 1'!A65 -> 46074.846 | B66: ='Form Responses 1'!C65 -> 20068373 | F66: ='Form Responses 1'!O65 | G66: ='Form Responses 1'!P65 | H66: ='Form Responses 1'!Q65 | I66: ='Form Responses 1'!R65 | J66: ='Form Responses 1'!M65 | L66: ='Form Responses 1'!K65 -> 1 | N66: ='Form Responses 1'!I65 | O66: ='Form Responses 1'!U65 | P66: ='Form Responses 1'!S65 | Q66: ='Form Responses 1'!N65 | R66: ='Form Responses 1'!T65 | U66: ='Form Responses 1'!I65 | W66: ='Form Responses 1'!J65 | X66: ='Form Responses 1'!L65 | Z66: ='Form Responses 1'!N65 | AA66: ='Form Responses 1'!V65 | AF66: ='Form Responses 1'!E65 | AI66: ='Form Responses 1'!H65 | AW66: ='Form Responses 1'!F65
A67: ='Form Responses 1'!A66 -> 46074.848 | B67: ='Form Responses 1'!C66 -> 20068381 | F67: ='Form Responses 1'!O66 | G67: ='Form Responses 1'!P66 | H67: ='Form Responses 1'!Q66 | I67: ='Form Responses 1'!R66 | J67: ='Form Responses 1'!M66 | L67: ='Form Responses 1'!K66 | N67: ='Form Responses 1'!I66 | O67: ='Form Responses 1'!U66 | P67: ='Form Responses 1'!S66 | Q67: ='Form Responses 1'!N66 | R67: ='Form Responses 1'!T66 | U67: ='Form Responses 1'!I66 | W67: ='Form Responses 1'!J66 | X67: ='Form Responses 1'!L66 | Z67: ='Form Responses 1'!N66 | AA67: ='Form Responses 1'!V66 | AF67: ='Form Responses 1'!E66 -> W5 | AI67: ='Form Responses 1'!H66 | AW67: ='Form Responses 1'!F66 -> 48575443506611A4
... A136: ='Form Responses 1'!A135 -> 46082.515 | B136: ='Form Responses 1'!C135 -> 20068766 | F136: ='Form Responses 1'!O135 | G136: ='Form Responses 1'!P135 | H136: ='Form Responses 1'!Q135 | I136: ='Form Responses 1'!R135 | J136: ='Form Responses 1'!M135 | L136: ='Form Responses 1'!K135 -> Yes | N136: ='Form Responses 1'!I135 | O136: ='Form Responses 1'!U135 | P136: ='Form Responses 1'!S135 | Q136: ='Form Responses 1'!N135 | R136: ='Form Responses 1'!T135 | U136: ='Form Responses 1'!I135 | W136: ='Form Responses 1'!J135 | X136: ='Form Responses 1'!L135 | Z136: ='Form Responses 1'!N135 | AA136: ='Form Responses 1'!V135 | AF136: ='Form Responses 1'!E135 | AI136: ='Form Responses 1'!H135 | AW136: ='Form Responses 1'!F135
A137: ='Form Responses 1'!A137 -> 46082.517 | B137: ='Form Responses 1'!C137 -> 20068916 | F137: ='Form Responses 1'!O137 | G137: ='Form Responses 1'!P137 | H137: ='Form Responses 1'!Q137 | I137: ='Form Responses 1'!R137 | J137: ='Form Responses 1'!M137 | L137: ='Form Responses 1'!K137 | N137: ='Form Responses 1'!I137 | O137: ='Form Responses 1'!U137 | P137: ='Form Responses 1'!S137 | Q137: ='Form Responses 1'!N137 -> Replaced in OTB | R137: ='Form Responses 1'!T137 | U137: ='Form Responses 1'!I137 | W137: ='Form Responses 1'!J137 | X137: ='Form Responses 1'!L137 | Z137: ='Form Responses 1'!N137 -> Replaced in OTB | AA137: ='Form Responses 1'!V137 | AF137: ='Form Responses 1'!E137 | AI137: ='Form Responses 1'!H137 | AW137: ='Form Responses 1'!F137
A138: ='Form Responses 1'!A138 -> 46082.517 | B138: ='Form Responses 1'!C138 -> 20068971 | F138: ='Form Responses 1'!O138 | G138: ='Form Responses 1'!P138 | H138: ='Form Responses 1'!Q138 | I138: ='Form Responses 1'!R138 | J138: ='Form Responses 1'!M138 | L138: ='Form Responses 1'!K138 | N138: ='Form Responses 1'!I138 | O138: ='Form Responses 1'!U138 | P138: ='Form Responses 1'!S138 | Q138: ='Form Responses 1'!N138 | R138: ='Form Responses 1'!T138 | U138: ='Form Responses 1'!I138 | W138: ='Form Responses 1'!J138 -> Replaced 1 ps | X138: ='Form Responses 1'!L138 | Z138: ='Form Responses 1'!N138 | AA138: ='Form Responses 1'!V138 | AF138: ='Form Responses 1'!E138 | AI138: ='Form Responses 1'!H138 | AW138: ='Form Responses 1'!F138
A139: ='Form Responses 1'!A139 -> 46082.519 | B139: ='Form Responses 1'!C139 -> 20069009 | F139: ='Form Responses 1'!O139 | G139: ='Form Responses 1'!P139 | H139: ='Form Responses 1'!Q139 | I139: ='Form Responses 1'!R139 | J139: ='Form Responses 1'!M139 | L139: ='Form Responses 1'!K139 | N139: ='Form Responses 1'!I139 | O139: ='Form Responses 1'!U139 | P139: ='Form Responses 1'!S139 | Q139: ='Form Responses 1'!N139 -> Used in OTB | R139: ='Form Responses 1'!T139 -> 75m | U139: ='Form Responses 1'!I139 | W139: ='Form Responses 1'!J139 | X139: ='Form Responses 1'!L139 | Z139: ='Form Responses 1'!N139 -> Used in OTB | AA139: ='Form Responses 1'!V139 | AF139: ='Form Responses 1'!E139 | AI139: ='Form Responses 1'!H139 | AW139: ='Form Responses 1'!F139
A140: ='Form Responses 1'!A140 -> 46082.519 | B140: ='Form Responses 1'!C140 -> 20069016 | F140: ='Form Responses 1'!O140 | G140: ='Form Responses 1'!P140 | H140: ='Form Responses 1'!Q140 | I140: ='Form Responses 1'!R140 | J140: ='Form Responses 1'!M140 | L140: ='Form Responses 1'!K140 | N140: ='Form Responses 1'!I140 | O140: ='Form Responses 1'!U140 | P140: ='Form Responses 1'!S140 | Q140: ='Form Responses 1'!N140 | R140: ='Form Responses 1'!T140 | U140: ='Form Responses 1'!I140 | W140: ='Form Responses 1'!J140 -> Used 1ps | X140: ='Form Responses 1'!L140 | Z140: ='Form Responses 1'!N140 | AA140: ='Form Responses 1'!V140 | AF140: ='Form Responses 1'!E140 | AI140: ='Form Responses 1'!H140 | AW140: ='Form Responses 1'!F140
A141: ='Form Responses 1'!A141 -> 46082.519 | B141: ='Form Responses 1'!C141 -> 20069029 | F141: ='Form Responses 1'!O141 | G141: ='Form Responses 1'!P141 | H141: ='Form Responses 1'!Q141 | I141: ='Form Responses 1'!R141 | J141: ='Form Responses 1'!M141 | L141: ='Form Responses 1'!K141 | N141: ='Form Responses 1'!I141 | O141: ='Form Responses 1'!U141 | P141: ='Form Responses 1'!S141 | Q141: ='Form Responses 1'!N141 | R141: ='Form Responses 1'!T141 | U141: ='Form Responses 1'!I141 | W141: ='Form Responses 1'!J141 | X141: ='Form Responses 1'!L141 | Z141: ='Form Responses 1'!N141 | AA141: ='Form Responses 1'!V141 | AF141: ='Form Responses 1'!E141 | AI141: ='Form Responses 1'!H141 -> Used 1ps | AW141: ='Form Responses 1'!F141
A142: ='Form Responses 1'!A142 -> 46082.52 | B142: ='Form Responses 1'!C142 -> 20069030 | F142: ='Form Responses 1'!O142 | G142: ='Form Responses 1'!P142 | H142: ='Form Responses 1'!Q142 | I142: ='Form Responses 1'!R142 | J142: ='Form Responses 1'!M142 | L142: ='Form Responses 1'!K142 | N142: ='Form Responses 1'!I142 | O142: ='Form Responses 1'!U142 | P142: ='Form Responses 1'!S142 | Q142: ='Form Responses 1'!N142 -> 1ps | R142: ='Form Responses 1'!T142 | U142: ='Form Responses 1'!I142 | W142: ='Form Responses 1'!J142 | X142: ='Form Responses 1'!L142 | Z142: ='Form Responses 1'!N142 -> 1ps | AA142: ='Form Responses 1'!V142 | AF142: ='Form Responses 1'!E142 | AI142: ='Form Responses 1'!H142 | AW142: ='Form Responses 1'!F142
A143: ='Form Responses 1'!A143 -> 46082.57 | B143: ='Form Responses 1'!C143 -> 20068985 | F143: ='Form Responses 1'!O143 | G143: ='Form Responses 1'!P143 | H143: ='Form Responses 1'!Q143 | I143: ='Form Responses 1'!R143 | J143: ='Form Responses 1'!M143 | L143: ='Form Responses 1'!K143 -> 1 | N143: ='Form Responses 1'!I143 | O143: ='Form Responses 1'!U143 | P143: ='Form Responses 1'!S143 | Q143: ='Form Responses 1'!N143 | R143: ='Form Responses 1'!T143 | U143: ='Form Responses 1'!I143 | W143: ='Form Responses 1'!J143 | X143: ='Form Responses 1'!L143 | Z143: ='Form Responses 1'!N143 | AA143: ='Form Responses 1'!V143 | AF143: ='Form Responses 1'!E143 | AI143: ='Form Responses 1'!H143 | AW143: ='Form Responses 1'!F143
A144: ='Form Responses 1'!A144 -> 46082.571 | B144: ='Form Responses 1'!C144 -> 20068815 | F144: ='Form Responses 1'!O144 | G144: ='Form Responses 1'!P144 | H144: ='Form Responses 1'!Q144 | I144: ='Form Responses 1'!R144 | J144: ='Form Responses 1'!M144 | L144: ='Form Responses 1'!K144 -> 1 | N144: ='Form Responses 1'!I144 -> 1 | O144: ='Form Responses 1'!U144 | P144: ='Form Responses 1'!S144 | Q144: ='Form Responses 1'!N144 -> 1 | R144: ='Form Responses 1'!T144 -> 65 | U144: ='Form Responses 1'!I144 -> 1 | W144: ='Form Responses 1'!J144 -> 1 | X144: ='Form Responses 1'!L144 | Z144: ='Form Responses 1'!N144 -> 1 | AA144: ='Form Responses 1'!V144 | AF144: ='Form Responses 1'!E144 | AI144: ='Form Responses 1'!H144 | AW144: ='Form Responses 1'!F144
A145: ='Form Responses 1'!A145 -> 46082.572 | B145: ='Form Responses 1'!C145 -> 20068919 | F145: ='Form Responses 1'!O145 | G145: ='Form Responses 1'!P145 | H145: ='Form Responses 1'!Q145 | I145: ='Form Responses 1'!R145 | J145: ='Form Responses 1'!M145 | L145: ='Form Responses 1'!K145 -> 1 | N145: ='Form Responses 1'!I145 -> 1 | O145: ='Form Responses 1'!U145 | P145: ='Form Responses 1'!S145 | Q145: ='Form Responses 1'!N145 -> 1 | R145: ='Form Responses 1'!T145 -> 60 | U145: ='Form Responses 1'!I145 -> 1 | W145: ='Form Responses 1'!J145 -> 1 | X145: ='Form Responses 1'!L145 | Z145: ='Form Responses 1'!N145 -> 1 | AA145: ='Form Responses 1'!V145 -> 1 | AF145: ='Form Responses 1'!E145 | AI145: ='Form Responses 1'!H145 | AW145: ='Form Responses 1'!F145
A146: ='Form Responses 1'!A146 -> 46082.572 | B146: ='Form Responses 1'!C146 -> 20068990 | F146: ='Form Responses 1'!O146 | G146: ='Form Responses 1'!P146 | H146: ='Form Responses 1'!Q146 | I146: ='Form Responses 1'!R146 | J146: ='Form Responses 1'!M146 | L146: ='Form Responses 1'!K146 | N146: ='Form Responses 1'!I146 | O146: ='Form Responses 1'!U146 | P146: ='Form Responses 1'!S146 | Q146: ='Form Responses 1'!N146 -> 1 | R146: ='Form Responses 1'!T146 | U146: ='Form Responses 1'!I146 | W146: ='Form Responses 1'!J146 | X146: ='Form Responses 1'!L146 | Z146: ='Form Responses 1'!N146 -> 1 | AA146: ='Form Responses 1'!V146 | AF146: ='Form Responses 1'!E146 | AI146: ='Form Responses 1'!H146 | AW146: ='Form Responses 1'!F146
A147: ='Form Responses 1'!A147 -> 46082.573 | B147: ='Form Responses 1'!C147 -> 20068672 | F147: ='Form Responses 1'!O147 | G147: ='Form Responses 1'!P147 | H147: ='Form Responses 1'!Q147 | I147: ='Form Responses 1'!R147 | J147: ='Form Responses 1'!M147 | L147: ='Form Responses 1'!K147 | N147: ='Form Responses 1'!I147 | O147: ='Form Responses 1'!U147 | P147: ='Form Responses 1'!S147 | Q147: ='Form Responses 1'!N147 | R147: ='Form Responses 1'!T147 | U147: ='Form Responses 1'!I147 | W147: ='Form Responses 1'!J147 | X147: ='Form Responses 1'!L147 | Z147: ='Form Responses 1'!N147 | AA147: ='Form Responses 1'!V147 | AF147: ='Form Responses 1'!E147 -> FTTR Master ONT | AI147: ='Form Responses 1'!H147 | AW147: ='Form Responses 1'!F147 -> 48575443FBAE77B6
A148: ='Form Responses 1'!A148 -> 46082.574 | B148: ='Form Responses 1'!C148 -> 20068829 | F148: ='Form Responses 1'!O148 | G148: ='Form Responses 1'!P148 | H148: ='Form Responses 1'!Q148 | I148: ='Form Responses 1'!R148 | J148: ='Form Responses 1'!M148 | L148: ='Form Responses 1'!K148 -> 1 | N148: ='Form Responses 1'!I148 | O148: ='Form Responses 1'!U148 | P148: ='Form Responses 1'!S148 | Q148: ='Form Responses 1'!N148 | R148: ='Form Responses 1'!T148 | U148: ='Form Responses 1'!I148 | W148: ='Form Responses 1'!J148 -> 1 | X148: ='Form Responses 1'!L148 | Z148: ='Form Responses 1'!N148 | AA148: ='Form Responses 1'!V148 | AF148: ='Form Responses 1'!E148 | AI148: ='Form Responses 1'!H148 | AW148: ='Form Responses 1'!F148
... A265: ='Form Responses 1'!A265 -> 46090.81 | B265: ='Form Responses 1'!C265 -> 20069764 | F265: ='Form Responses 1'!O265 | G265: ='Form Responses 1'!P265 | H265: ='Form Responses 1'!Q265 | I265: ='Form Responses 1'!R265 | J265: ='Form Responses 1'!M265 | L265: ='Form Responses 1'!K265 | N265: ='Form Responses 1'!I265 | O265: ='Form Responses 1'!U265 | P265: ='Form Responses 1'!S265 | Q265: ='Form Responses 1'!N265 | R265: ='Form Responses 1'!T265 | U265: ='Form Responses 1'!I265 | W265: ='Form Responses 1'!J265 | X265: ='Form Responses 1'!L265 | Z265: ='Form Responses 1'!N265 | AA265: ='Form Responses 1'!V265 | AF265: ='Form Responses 1'!E265 | AI265: ='Form Responses 1'!H265 -> 1 | AW265: ='Form Responses 1'!F265
A266: ='Form Responses 1'!A266 -> 46090.81 | B266: ='Form Responses 1'!C266 -> 20069210 | F266: ='Form Responses 1'!O266 | G266: ='Form Responses 1'!P266 | H266: ='Form Responses 1'!Q266 | I266: ='Form Responses 1'!R266 | J266: ='Form Responses 1'!M266 | L266: ='Form Responses 1'!K266 | N266: ='Form Responses 1'!I266 | O266: ='Form Responses 1'!U266 | P266: ='Form Responses 1'!S266 | Q266: ='Form Responses 1'!N266 | R266: ='Form Responses 1'!T266 | U266: ='Form Responses 1'!I266 | W266: ='Form Responses 1'!J266 | X266: ='Form Responses 1'!L266 | Z266: ='Form Responses 1'!N266 | AA266: ='Form Responses 1'!V266 | AF266: ='Form Responses 1'!E266 | AI266: 0 | AW266: ='Form Responses 1'!F266
A267: ='Form Responses 1'!A267 -> 46090.811 | B267: ='Form Responses 1'!C267 -> 20069788 | F267: ='Form Responses 1'!O267 | G267: ='Form Responses 1'!P267 | H267: ='Form Responses 1'!Q267 | I267: ='Form Responses 1'!R267 | J267: ='Form Responses 1'!M267 | L267: ='Form Responses 1'!K267 | N267: ='Form Responses 1'!I267 | O267: ='Form Responses 1'!U267 | P267: ='Form Responses 1'!S267 | Q267: ='Form Responses 1'!N267 -> 1 | R267: ='Form Responses 1'!T267 | U267: ='Form Responses 1'!I267 | W267: ='Form Responses 1'!J267 | X267: ='Form Responses 1'!L267 | Z267: ='Form Responses 1'!N267 -> 1 | AA267: ='Form Responses 1'!V267 | AF267: ='Form Responses 1'!E267 | AI267: ='Form Responses 1'!H267 | AW267: ='Form Responses 1'!F267
A268: ='Form Responses 1'!A268 -> 46090.813 | B268: ='Form Responses 1'!C268 -> 20069817 | F268: ='Form Responses 1'!O268 | G268: ='Form Responses 1'!P268 | H268: ='Form Responses 1'!Q268 | I268: ='Form Responses 1'!R268 | J268: ='Form Responses 1'!M268 | L268: ='Form Responses 1'!K268 | N268: ='Form Responses 1'!I268 | O268: ='Form Responses 1'!U268 | P268: ='Form Responses 1'!S268 | Q268: ='Form Responses 1'!N268 | R268: ='Form Responses 1'!T268 | U268: ='Form Responses 1'!I268 | W268: ='Form Responses 1'!J268 | X268: ='Form Responses 1'!L268 | Z268: ='Form Responses 1'!N268 | AA268: ='Form Responses 1'!V268 | AF268: ='Form Responses 1'!E268 -> W5 | AI268: ='Form Responses 1'!H268 | AW268: ='Form Responses 1'!F268 -> 4857544311A009A9
A269: ='Form Responses 1'!A269 -> 46090.813 | B269: ='Form Responses 1'!C269 -> 20069704 | F269: ='Form Responses 1'!O269 | G269: ='Form Responses 1'!P269 | H269: ='Form Responses 1'!Q269 | I269: ='Form Responses 1'!R269 | J269: ='Form Responses 1'!M269 | L269: ='Form Responses 1'!K269 | N269: ='Form Responses 1'!I269 | O269: ='Form Responses 1'!U269 | P269: ='Form Responses 1'!S269 | Q269: ='Form Responses 1'!N269 | R269: ='Form Responses 1'!T269 | U269: ='Form Responses 1'!I269 | W269: ='Form Responses 1'!J269 | X269: ='Form Responses 1'!L269 | Z269: ='Form Responses 1'!N269 | AA269: ='Form Responses 1'!V269 | AF269: ='Form Responses 1'!E269 -> F50 | AI269: ='Form Responses 1'!H269 | AW269: ='Form Responses 1'!F269 -> 48575443F0972AB6
A270: ='Form Responses 1'!A270 -> 46090.877 | B270: ='Form Responses 1'!C270 -> 20069608 | F270: ='Form Responses 1'!O270 -> 0 | G270: ='Form Responses 1'!P270 -> 0 | H270: ='Form Responses 1'!Q270 -> 0 | I270: ='Form Responses 1'!R270 -> 0 | J270: ='Form Responses 1'!M270 -> 0 | L270: ='Form Responses 1'!K270 -> 1 | N270: ='Form Responses 1'!I270 -> 0 | O270: ='Form Responses 1'!U270 -> 0 | P270: ='Form Responses 1'!S270 -> 0 | Q270: ='Form Responses 1'!N270 -> 0 | R270: ='Form Responses 1'!T270 -> 0 | U270: ='Form Responses 1'!I270 -> 0 | W270: ='Form Responses 1'!J270 -> 1 | X270: ='Form Responses 1'!L270 -> 0 | Z270: ='Form Responses 1'!N270 -> 0 | AA270: ='Form Responses 1'!V270 -> 0 | AF270: ='Form Responses 1'!E270 | AI270: ='Form Responses 1'!H270 -> 0 | AW270: ='Form Responses 1'!F270
A271: ='Form Responses 1'!A271 -> 46091.342 | B271: ='Form Responses 1'!C271 -> 20069182 | F271: ='Form Responses 1'!O271 | G271: ='Form Responses 1'!P271 | H271: ='Form Responses 1'!Q271 | I271: ='Form Responses 1'!R271 | J271: ='Form Responses 1'!M271 | L271: ='Form Responses 1'!K271 | N271: ='Form Responses 1'!I271 | O271: ='Form Responses 1'!U271 | P271: ='Form Responses 1'!S271 | Q271: ='Form Responses 1'!N271 -> 1 | R271: ='Form Responses 1'!T271 | U271: ='Form Responses 1'!I271 | W271: ='Form Responses 1'!J271 | X271: ='Form Responses 1'!L271 | Z271: ='Form Responses 1'!N271 -> 1 | AA271: ='Form Responses 1'!V271 | AF271: ='Form Responses 1'!E271 | AI271: ='Form Responses 1'!H271 | AW271: ='Form Responses 1'!F271
A272: ='Form Responses 1'!A272 -> 46091.342 | B272: ='Form Responses 1'!C272 -> 20069574 | F272: ='Form Responses 1'!O272 | G272: ='Form Responses 1'!P272 | H272: ='Form Responses 1'!Q272 | I272: ='Form Responses 1'!R272 | J272: ='Form Responses 1'!M272 | L272: ='Form Responses 1'!K272 | N272: ='Form Responses 1'!I272 | O272: ='Form Responses 1'!U272 | P272: ='Form Responses 1'!S272 | Q272: ='Form Responses 1'!N272 | R272: ='Form Responses 1'!T272 | U272: ='Form Responses 1'!I272 | W272: ='Form Responses 1'!J272 | X272: ='Form Responses 1'!L272 | Z272: ='Form Responses 1'!N272 | AA272: ='Form Responses 1'!V272 | AF272: ='Form Responses 1'!E272 | AI272: ='Form Responses 1'!H272 | AW272: ='Form Responses 1'!F272
A273: ='Form Responses 1'!A273 -> 46091.343 | B273: ='Form Responses 1'!C273 -> 20069759 | F273: ='Form Responses 1'!O273 | G273: ='Form Responses 1'!P273 | H273: ='Form Responses 1'!Q273 | I273: ='Form Responses 1'!R273 | J273: ='Form Responses 1'!M273 | L273: ='Form Responses 1'!K273 | N273: ='Form Responses 1'!I273 | O273: ='Form Responses 1'!U273 | P273: ='Form Responses 1'!S273 | Q273: ='Form Responses 1'!N273 | R273: ='Form Responses 1'!T273 | U273: ='Form Responses 1'!I273 | W273: ='Form Responses 1'!J273 | X273: ='Form Responses 1'!L273 | Z273: ='Form Responses 1'!N273 | AA273: ='Form Responses 1'!V273 | AF273: ='Form Responses 1'!E273 | AI273: ='Form Responses 1'!H273 | AW273: ='Form Responses 1'!F273
A274: ='Form Responses 1'!A274 -> 46091.344 | B274: ='Form Responses 1'!C274 -> 20069769 | F274: ='Form Responses 1'!O274 | G274: ='Form Responses 1'!P274 | H274: ='Form Responses 1'!Q274 | I274: ='Form Responses 1'!R274 | J274: ='Form Responses 1'!M274 | L274: ='Form Responses 1'!K274 | N274: ='Form Responses 1'!I274 | O274: ='Form Responses 1'!U274 | P274: ='Form Responses 1'!S274 | Q274: ='Form Responses 1'!N274 | R274: ='Form Responses 1'!T274 | U274: ='Form Responses 1'!I274 | W274: ='Form Responses 1'!J274 | X274: ='Form Responses 1'!L274 | Z274: ='Form Responses 1'!N274 | AA274: ='Form Responses 1'!V274 | AF274: ='Form Responses 1'!E274 -> WiFi-6 | AI274: ='Form Responses 1'!H274 | AW274: ='Form Responses 1'!F274 -> 485754436F7555AF
A275: ='Form Responses 1'!A275 -> 46091.345 | B275: ='Form Responses 1'!C275 -> 20069790 | F275: ='Form Responses 1'!O275 | G275: ='Form Responses 1'!P275 | H275: ='Form Responses 1'!Q275 | I275: ='Form Responses 1'!R275 | J275: ='Form Responses 1'!M275 | L275: ='Form Responses 1'!K275 -> 1 | N275: ='Form Responses 1'!I275 | O275: ='Form Responses 1'!U275 | P275: ='Form Responses 1'!S275 | Q275: ='Form Responses 1'!N275 | R275: ='Form Responses 1'!T275 | U275: ='Form Responses 1'!I275 | W275: ='Form Responses 1'!J275 | X275: ='Form Responses 1'!L275 | Z275: ='Form Responses 1'!N275 | AA275: ='Form Responses 1'!V275 | AF275: ='Form Responses 1'!E275 | AI275: ='Form Responses 1'!H275 | AW275: ='Form Responses 1'!F275
A276: ='Form Responses 1'!A276 -> 46091.531 | B276: ='Form Responses 1'!C276 -> 20069858 | F276: ='Form Responses 1'!O276 -> 0 | G276: ='Form Responses 1'!P276 -> 0 | H276: ='Form Responses 1'!Q276 -> 0 | I276: ='Form Responses 1'!R276 -> 0 | J276: ='Form Responses 1'!M276 -> 0 | L276: ='Form Responses 1'!K276 -> 0 | N276: ='Form Responses 1'!I276 -> 0 | O276: ='Form Responses 1'!U276 -> 0 | P276: ='Form Responses 1'!S276 -> 0 | Q276: ='Form Responses 1'!N276 -> 0 | R276: ='Form Responses 1'!T276 -> 0 | U276: ='Form Responses 1'!I276 -> 0 | W276: ='Form Responses 1'!J276 -> 0 | X276: ='Form Responses 1'!L276 -> 0 | Z276: ='Form Responses 1'!N276 -> 0 | AA276: ='Form Responses 1'!V276 -> 0 | AF276: ='Form Responses 1'!E276 -> FTTR Master ONT | AI276: ='Form Responses 1'!H276 -> 0 | AW276: ='Form Responses 1'!F276 -> 48575443F096C4B6
A277: ='Form Responses 1'!A277 -> 46091.538 | B277: ='Form Responses 1'!C277 -> 20068844 | F277: ='Form Responses 1'!O277 | G277: ='Form Responses 1'!P277 | H277: ='Form Responses 1'!Q277 | I277: ='Form Responses 1'!R277 | J277: ='Form Responses 1'!M277 | L277: ='Form Responses 1'!K277 | N277: ='Form Responses 1'!I277 | O277: ='Form Responses 1'!U277 | P277: ='Form Responses 1'!S277 | Q277: ='Form Responses 1'!N277 -> 1 | R277: ='Form Responses 1'!T277 | U277: ='Form Responses 1'!I277 | W277: ='Form Responses 1'!J277 | X277: ='Form Responses 1'!L277 | Z277: ='Form Responses 1'!N277 -> 1 | AA277: ='Form Responses 1'!V277 | AF277: ='Form Responses 1'!E277 | AI277: ='Form Responses 1'!H277 | AW277: ='Form Responses 1'!F277
A278: ='Form Responses 1'!A278 -> 46091.539 | B278: ='Form Responses 1'!C278 -> 20069015 | F278: ='Form Responses 1'!O278 | G278: ='Form Responses 1'!P278 | H278: ='Form Responses 1'!Q278 | I278: ='Form Responses 1'!R278 | J278: ='Form Responses 1'!M278 | L278: ='Form Responses 1'!K278 -> 1 | N278: ='Form Responses 1'!I278 | O278: ='Form Responses 1'!U278 | P278: ='Form Responses 1'!S278 | Q278: ='Form Responses 1'!N278 | R278: ='Form Responses 1'!T278 | U278: ='Form Responses 1'!I278 | W278: ='Form Responses 1'!J278 | X278: ='Form Responses 1'!L278 | Z278: ='Form Responses 1'!N278 | AA278: ='Form Responses 1'!V278 | AF278: ='Form Responses 1'!E278 | AI278: ='Form Responses 1'!H278 | AW278: ='Form Responses 1'!F278
... A413: ='Form Responses 1'!A413 | B413: ='Form Responses 1'!C413 | F413: ='Form Responses 1'!O413 | G413: ='Form Responses 1'!P413 | H413: ='Form Responses 1'!Q413 | I413: ='Form Responses 1'!R413 | J413: ='Form Responses 1'!M413 | L413: ='Form Responses 1'!K413 | N413: ='Form Responses 1'!I413 | O413: ='Form Responses 1'!U413 | P413: ='Form Responses 1'!S413 | Q413: ='Form Responses 1'!N413 | R413: ='Form Responses 1'!T413 | U413: ='Form Responses 1'!I413 | W413: ='Form Responses 1'!J413 | X413: ='Form Responses 1'!L413 | Z413: ='Form Responses 1'!N413 | AA413: ='Form Responses 1'!V413 | AF413: ='Form Responses 1'!E413 | AI413: ='Form Responses 1'!H413 | AW413: ='Form Responses 1'!F413
A414: ='Form Responses 1'!A414 | B414: 20070604 | F414: ='Form Responses 1'!O414 | G414: ='Form Responses 1'!P414 | H414: ='Form Responses 1'!Q414 | I414: ='Form Responses 1'!R414 | J414: ='Form Responses 1'!M414 | L414: ='Form Responses 1'!K414 | N414: ='Form Responses 1'!I414 | O414: ='Form Responses 1'!U414 | P414: ='Form Responses 1'!S414 | Q414: ='Form Responses 1'!N414 | R414: ='Form Responses 1'!T414 | U414: ='Form Responses 1'!I414 | W414: ='Form Responses 1'!J414 | X414: ='Form Responses 1'!L414 | Z414: ='Form Responses 1'!N414 | AA414: ='Form Responses 1'!V414 | AF414: ='Form Responses 1'!E414 | AI414: ='Form Responses 1'!H414 | AW414: ='Form Responses 1'!F414
A415: ='Form Responses 1'!A415 | B415: 20070588 | F415: ='Form Responses 1'!O415 | G415: ='Form Responses 1'!P415 | H415: ='Form Responses 1'!Q415 | I415: ='Form Responses 1'!R415 | J415: ='Form Responses 1'!M415 | L415: ='Form Responses 1'!K415 | N415: ='Form Responses 1'!I415 | O415: ='Form Responses 1'!U415 | P415: ='Form Responses 1'!S415 | Q415: ='Form Responses 1'!N415 | R415: ='Form Responses 1'!T415 | U415: ='Form Responses 1'!I415 | W415: ='Form Responses 1'!J415 | X415: ='Form Responses 1'!L415 | Z415: ='Form Responses 1'!N415 | AA415: ='Form Responses 1'!V415 | AF415: ='Form Responses 1'!E415 | AI415: ='Form Responses 1'!H415 | AW415: ='Form Responses 1'!F415
A416: ='Form Responses 1'!A416 | B416: 20070601 | F416: ='Form Responses 1'!O416 | G416: ='Form Responses 1'!P416 | H416: ='Form Responses 1'!Q416 | I416: ='Form Responses 1'!R416 | J416: ='Form Responses 1'!M416 | L416: ='Form Responses 1'!K416 | N416: ='Form Responses 1'!I416 | O416: ='Form Responses 1'!U416 | P416: ='Form Responses 1'!S416 | Q416: ='Form Responses 1'!N416 | R416: ='Form Responses 1'!T416 | U416: ='Form Responses 1'!I416 | W416: ='Form Responses 1'!J416 | X416: ='Form Responses 1'!L416 | Z416: ='Form Responses 1'!N416 | AA416: ='Form Responses 1'!V416 | AF416: ='Form Responses 1'!E416 | AI416: ='Form Responses 1'!H416 | AW416: ='Form Responses 1'!F416
A417: ='Form Responses 1'!A417 | B417: 20070593 | F417: ='Form Responses 1'!O417 | G417: ='Form Responses 1'!P417 | H417: ='Form Responses 1'!Q417 | I417: ='Form Responses 1'!R417 | J417: ='Form Responses 1'!M417 | L417: ='Form Responses 1'!K417 | N417: ='Form Responses 1'!I417 | O417: ='Form Responses 1'!U417 | P417: ='Form Responses 1'!S417 | Q417: ='Form Responses 1'!N417 | R417: ='Form Responses 1'!T417 | U417: ='Form Responses 1'!I417 | W417: ='Form Responses 1'!J417 | X417: ='Form Responses 1'!L417 | Z417: ='Form Responses 1'!N417 | AA417: ='Form Responses 1'!V417 | AF417: ='Form Responses 1'!E417 | AI417: ='Form Responses 1'!H417 | AW417: ='Form Responses 1'!F417
A418: ='Form Responses 1'!A418 | B418: 20070479 | F418: ='Form Responses 1'!O418 | G418: ='Form Responses 1'!P418 | H418: ='Form Responses 1'!Q418 | I418: ='Form Responses 1'!R418 | J418: ='Form Responses 1'!M418 | L418: ='Form Responses 1'!K418 | N418: ='Form Responses 1'!I418 | O418: ='Form Responses 1'!U418 | P418: ='Form Responses 1'!S418 | Q418: ='Form Responses 1'!N418 | R418: ='Form Responses 1'!T418 | U418: ='Form Responses 1'!I418 | W418: ='Form Responses 1'!J418 | X418: ='Form Responses 1'!L418 | Z418: ='Form Responses 1'!N418 | AA418: ='Form Responses 1'!V418 | AF418: ='Form Responses 1'!E418 | AI418: ='Form Responses 1'!H418 | AW418: ='Form Responses 1'!F418
A419: ='Form Responses 1'!A419 | B419: 20070628 | F419: ='Form Responses 1'!O419 | G419: ='Form Responses 1'!P419 | H419: ='Form Responses 1'!Q419 | I419: ='Form Responses 1'!R419 | J419: ='Form Responses 1'!M419 | L419: ='Form Responses 1'!K419 | N419: ='Form Responses 1'!I419 | O419: ='Form Responses 1'!U419 | P419: ='Form Responses 1'!S419 | Q419: ='Form Responses 1'!N419 | R419: ='Form Responses 1'!T419 | U419: ='Form Responses 1'!I419 | W419: ='Form Responses 1'!J419 | X419: ='Form Responses 1'!L419 | Z419: ='Form Responses 1'!N419 | AA419: ='Form Responses 1'!V419 | AF419: ='Form Responses 1'!E419 | AI419: ='Form Responses 1'!H419 | AW419: ='Form Responses 1'!F419
A420: ='Form Responses 1'!A420 | B420: 20070617 | F420: ='Form Responses 1'!O420 | G420: ='Form Responses 1'!P420 | H420: ='Form Responses 1'!Q420 | I420: ='Form Responses 1'!R420 | J420: ='Form Responses 1'!M420 | L420: ='Form Responses 1'!K420 | N420: ='Form Responses 1'!I420 | O420: ='Form Responses 1'!U420 | P420: ='Form Responses 1'!S420 | Q420: ='Form Responses 1'!N420 | R420: ='Form Responses 1'!T420 | U420: ='Form Responses 1'!I420 | W420: ='Form Responses 1'!J420 | X420: ='Form Responses 1'!L420 | Z420: ='Form Responses 1'!N420 | AA420: ='Form Responses 1'!V420 | AF420: ='Form Responses 1'!E420 | AI420: ='Form Responses 1'!H420 | AW420: ='Form Responses 1'!F420
A421: ='Form Responses 1'!A421 | B421: 20070615 | F421: ='Form Responses 1'!O421 | G421: ='Form Responses 1'!P421 | H421: ='Form Responses 1'!Q421 | I421: ='Form Responses 1'!R421 | J421: ='Form Responses 1'!M421 | L421: ='Form Responses 1'!K421 | N421: ='Form Responses 1'!I421 | O421: ='Form Responses 1'!U421 | P421: ='Form Responses 1'!S421 | Q421: ='Form Responses 1'!N421 | R421: ='Form Responses 1'!T421 | U421: ='Form Responses 1'!I421 | W421: ='Form Responses 1'!J421 | X421: ='Form Responses 1'!L421 | Z421: ='Form Responses 1'!N421 | AA421: ='Form Responses 1'!V421 | AF421: ='Form Responses 1'!E421 | AI421: ='Form Responses 1'!H421 | AW421: ='Form Responses 1'!F421
A422: ='Form Responses 1'!A422 | B422: 20070609 | F422: ='Form Responses 1'!O422 | G422: ='Form Responses 1'!P422 | H422: ='Form Responses 1'!Q422 | I422: ='Form Responses 1'!R422 | J422: ='Form Responses 1'!M422 | L422: ='Form Responses 1'!K422 | N422: ='Form Responses 1'!I422 | O422: ='Form Responses 1'!U422 | P422: ='Form Responses 1'!S422 | Q422: ='Form Responses 1'!N422 | R422: ='Form Responses 1'!T422 | U422: ='Form Responses 1'!I422 | W422: ='Form Responses 1'!J422 | X422: ='Form Responses 1'!L422 | Z422: ='Form Responses 1'!N422 | AA422: ='Form Responses 1'!V422 | AF422: ='Form Responses 1'!E422 | AI422: ='Form Responses 1'!H422 | AW422: ='Form Responses 1'!F422
A423: ='Form Responses 1'!A423 | B423: 20070646 | F423: ='Form Responses 1'!O423 | G423: ='Form Responses 1'!P423 | H423: ='Form Responses 1'!Q423 | I423: ='Form Responses 1'!R423 | J423: ='Form Responses 1'!M423 | L423: ='Form Responses 1'!K423 | N423: ='Form Responses 1'!I423 | O423: ='Form Responses 1'!U423 | P423: ='Form Responses 1'!S423 | Q423: ='Form Responses 1'!N423 | R423: ='Form Responses 1'!T423 | U423: ='Form Responses 1'!I423 | W423: ='Form Responses 1'!J423 | X423: ='Form Responses 1'!L423 | Z423: ='Form Responses 1'!N423 | AA423: ='Form Responses 1'!V423 | AF423: ='Form Responses 1'!E423 | AI423: ='Form Responses 1'!H423 | AW423: ='Form Responses 1'!F423
A424: ='Form Responses 1'!A424 | B424: 20070662 | F424: ='Form Responses 1'!O424 | G424: ='Form Responses 1'!P424 | H424: ='Form Responses 1'!Q424 | I424: ='Form Responses 1'!R424 | J424: ='Form Responses 1'!M424 | L424: ='Form Responses 1'!K424 | N424: ='Form Responses 1'!I424 | O424: ='Form Responses 1'!U424 | P424: ='Form Responses 1'!S424 | Q424: ='Form Responses 1'!N424 | R424: ='Form Responses 1'!T424 | U424: ='Form Responses 1'!I424 | W424: ='Form Responses 1'!J424 | X424: ='Form Responses 1'!L424 | Z424: ='Form Responses 1'!N424 | AA424: ='Form Responses 1'!V424 | AF424: ='Form Responses 1'!E424 | AI424: ='Form Responses 1'!H424 | AW424: ='Form Responses 1'!F424
A425: ='Form Responses 1'!A425 | B425: 20070596 | F425: ='Form Responses 1'!O425 | G425: ='Form Responses 1'!P425 | H425: ='Form Responses 1'!Q425 | I425: ='Form Responses 1'!R425 | J425: ='Form Responses 1'!M425 | L425: ='Form Responses 1'!K425 | N425: ='Form Responses 1'!I425 | O425: ='Form Responses 1'!U425 | P425: ='Form Responses 1'!S425 | Q425: ='Form Responses 1'!N425 | R425: ='Form Responses 1'!T425 | U425: ='Form Responses 1'!I425 | W425: ='Form Responses 1'!J425 | X425: ='Form Responses 1'!L425 | Z425: ='Form Responses 1'!N425 | AA425: ='Form Responses 1'!V425 | AF425: ='Form Responses 1'!E425 | AI425: ='Form Responses 1'!H425 | AW425: ='Form Responses 1'!F425
... A427: ='Form Responses 1'!A427 | B427: 20070671 | F427: ='Form Responses 1'!O427 | G427: ='Form Responses 1'!P427 | H427: ='Form Responses 1'!Q427 | I427: ='Form Responses 1'!R427 | J427: ='Form Responses 1'!M427 | L427: ='Form Responses 1'!K427 | N427: ='Form Responses 1'!I427 | O427: ='Form Responses 1'!U427 | P427: ='Form Responses 1'!S427 | Q427: ='Form Responses 1'!N427 | R427: ='Form Responses 1'!T427 | U427: ='Form Responses 1'!I427 | W427: ='Form Responses 1'!J427 | X427: ='Form Responses 1'!L427 | Z427: ='Form Responses 1'!N427 | AA427: ='Form Responses 1'!V427 | AF427: ='Form Responses 1'!E427 | AI427: ='Form Responses 1'!H427 | AW427: ='Form Responses 1'!F427
A428: ='Form Responses 1'!A428 | B428: ='Form Responses 1'!C428 | F428: ='Form Responses 1'!O428 | G428: ='Form Responses 1'!P428 | H428: ='Form Responses 1'!Q428 | I428: ='Form Responses 1'!R428 | J428: ='Form Responses 1'!M428 | L428: ='Form Responses 1'!K428 | N428: ='Form Responses 1'!I428 | O428: ='Form Responses 1'!U428 | P428: ='Form Responses 1'!S428 | Q428: ='Form Responses 1'!N428 | R428: ='Form Responses 1'!T428 | U428: ='Form Responses 1'!I428 | W428: ='Form Responses 1'!J428 | X428: ='Form Responses 1'!L428 | Z428: ='Form Responses 1'!N428 | AA428: ='Form Responses 1'!V428 | AF428: ='Form Responses 1'!E428 | AI428: ='Form Responses 1'!H428 | AW428: ='Form Responses 1'!F428
A429: ='Form Responses 1'!A429 | B429: ='Form Responses 1'!C429 | F429: ='Form Responses 1'!O429 | G429: ='Form Responses 1'!P429 | H429: ='Form Responses 1'!Q429 | I429: ='Form Responses 1'!R429 | J429: ='Form Responses 1'!M429 | L429: ='Form Responses 1'!K429 | N429: ='Form Responses 1'!I429 | O429: ='Form Responses 1'!U429 | P429: ='Form Responses 1'!S429 | Q429: ='Form Responses 1'!N429 | R429: ='Form Responses 1'!T429 | U429: ='Form Responses 1'!I429 | W429: ='Form Responses 1'!J429 | X429: ='Form Responses 1'!L429 | Z429: ='Form Responses 1'!N429 | AA429: ='Form Responses 1'!V429 | AF429: ='Form Responses 1'!E429 | AI429: ='Form Responses 1'!H429 | AW429: ='Form Responses 1'!F429
...
