Workbook

Sheet March 2026
A1: Date | B1: Team | C1: Controller | D1: Ticket No | E1: Package | F1: Exchange | G1: Block | H1: Road | I1: Bldg | J1: Flat | K1: Fault Description from LO | L1: Mobile | M1: Description | N1: Service Type (List) | O1: LO Name (List) | P1: Creationdate/time | Q1: Assigned Date/Time | R1: Close Date/Time | S1: SLA From creation time | T1: KPI Status (Automated) | U1: Reason (If Exceeded) | V1: Circuit | X1: Root Cause | Y1: Resolution (List) | Z1: Resolution Description | AA1: Non-Genuine Ticket | AB1: Call_Time | AC1: Faulty/damaged | AD1: ONT Model | AE1: SN OLD ONT | AF1: New SN No As Per NCE | AG1: ONT Protection Box | AH1: SAAS Type | AI1: Box Number | AJ1: Final remarks - ANISA
A2: 46113 | B2: Bilal | C2: Controller Yasser | D2: 20071811 | E2: ESSENTIAL_300M_60M | F2: BUD | G2: 514 | H2: 1472 | I2: 4061 | J2: 0 | K2: LOS | L2: 33887756 | M2: Appointment 01/04/2026@call before visit called customer and customer said there disconnection and slow internet .she wants a team to check the internet Rx Optical Power (dBm) = -17.95 | N2: GPON Service Assurance | O2: Batelco | P2: 46113.333 | Q2: 46113.459 | R2: 46113.65 | S2: 0.31700231 | T2: Within | V2: WBS_747887_1 | W2: Resolved | X2: No Issue found on site visit | Z2: customer complained about disconnection during our visit we checked the line end-to-end and found there is configuration issue we reconfigured the ont and now line working fine and customer need to more coverage we recommend the Redbox now customer satisfied | AA2: Non Geniune | AC2: Damaged | AJ2: Not required
A3: 46113 | B3: Bilal | C3: Controller Yasser | D3: 20071831 | E3: ESSENTIAL_300M_60M | F3: BUD | G3: 580 | H3: 8015 | I3: 1450 | J3: 0 | K3: the customer is router is very old and gets dissconected and it has been two months with this issue and he says he received message before to replace it but he didn't, note that he raised complains before and they restarted his line but he still face the same issue | L3: 36753325-39991148 | M3: Appointment 01/04/2026@call before visit called customer and customer said there disconnection and slow internet .she wants a team to check the internet | N3: GPON Service Assurance | O3: Batelco | P3: 46113.501 | Q3: 46113.625 | R3: 46113.781 | S3: 0.28064815 | T3: Within | V3: 17699343 | W3: Resolved | X3: No Issue found on site visit | Z3: customer complained about the disconnection during our visit we checked the line end-to-end and there no technical issue found ont working properly customer have extender that i found disconnect so we reconnected again and explained to customer haw to connect the extender now customer satisfied.. | AA3: Non Geniune | AC3: Damaged | AJ3: Not required
A4: 46114 | B4: Rajesh | C4: Controller Yasser | D4: 20071913 | E4: ESSENTIAL_300M_60M | F4: ROW | G4: 1208 | H4: 810 | I4: 609 | J4: 0 | K4: Customer reported internet keep on disconnecting every few minutes // Customer confirmed red light come and go | L4: 39811104 | M4: Appointment 02/04/2026@call and visit after 2 pm internet keep disconnection as per the customer he wants a team to visit Rx Optical Power (dBm) = -14.67 | N4: GPON Service Assurance | O4: Batelco | P4: 46113.894 | Q4: 46114.018 | R4: 46114.647 | S4: 0.75320602 | T4: With in | V4: WBS_332496_1 | W4: Resolved | X4: No Issue found on site visit | Z4: As per our visit for the disconnection issue, we checked the connection end-to-end and verified line stability and RX power; all parameters are normal. We tested the speed via LAN and WiFi, and both are as per the subscribed package. A ping test was also performed, and no disconnection was observed. The customer reported experiencing a disconnection issue yesterday evening; however, during our visit, no issue was found. At our end, all services are working properly. | AA4: Non-Genuine Ticket | AC4: Damaged | AJ4: Not required
A5: 46114 | B5: rajesh | C5: Controller Yasser | D5: 20071956 | E5: ESSENTIAL_300M_60M | F5: ROW | G5: 1215 | H5: 1516 | I5: 1076 | J5: 0 | K5: customer complaining about a slow speed | L5: 33044140 | M5: App:2 April 2026/ open time as per customer line is working and it goes off and he is requseting a team to visit him and current it is not showing in NCE | N5: GPON Service Assurance | O5: STC | P5: 46114.473 | Q5: 46114.473 | R5: 46114.634 | S5: 0.16111111 | T5: With in | V5: WBS_673812_1 | W5: Resolved | X5: No Issue found on site visit | Z5: As per our visit for the disconnection issue, we checked the connection end-to-end and verified line stability and RX power; all parameters are normal. During our inspection, we found that the customer was using a LAN cable from the ONT to a WiFi extender. The LAN cable was causing a loop issue—whenever it was connected, the ONT experienced repeated no-browsing problems. We removed the LAN cable and advised the customer to either replace it or avoid using that cable. After this, the connection is stable, and speed is as per the subscribed package. From our side, all services are working properly. | AA5: Non-Genuine Ticket | AB5: 0.48958333 | AC5: Damaged | AJ5: Not required
A6: 46114 | B6: Mohsin | C6: Controller Yasser | D6: 20071804 | E6: ESSENTIAL_500M_250M | F6: BUD | G6: 565 | H6: 6525 | I6: 809 | J6: 0 | K6: LOS | L6: 36363633 | M6: No answer-1 Kindly note the work done. No answer-1 LOS | N6: GPON Service Assurance | O6: Batelco | P6: 46113.135 | Q6: 46113.26 | R6: 46114.692 | S6: 1.5568634 | T6: Within | U6: Maintenance Delayed | V6: 77007770 | W6: Resolved | X6: No Issue found on site visit | Z6: As per our visit for the offline issue, we checked the connection end-to-end and verified line stability and RX power; all parameters are normal. Line has been fixed by maintenance team but customer turn off router Cudtomer having issue with tv application we informed him that he have to call maintenance company for the tv to fix it | AC6: Damaged | AJ6: Not required
A7: 46114 | B7: Rajesh | C7: Controller Yasser | D7: 20071976 | E7: ESSENTIAL_300M_60M | F7: ROW | G7: 1204 | H7: 427 | I7: 1815 | J7: 0 | K7: Customer facing disconnection in internet and slowness please check the internet and check the attachment | L7: 39090169 | M7: Appointment 02/04/2026@Before 7 We called the customer and he informed that he is facing disconnection in his line and he wants a team to check Rx Optical Power (dBm) = -16.32 | N7: GPON Service Assurance | O7: Batelco | P7: 46114.58 | Q7: 46114.705 | R7: 46114.782 | S7: 0.20206019 | T7: With in | V7: WBS_384605_1 | W7: Resolved | X7: No Issue found on site visit | Z7: As per our visit regarding the disconnection issue, we checked the connection end-to-end and verified line stability and RX power; all parameters are normal. A ping test was conducted, and no disconnections were observed. We also tested internet speed via both LAN and WiFi, and the speeds are as per the subscribed package. However, the customer is experiencing slow speed inside a room located approximately 16 meters away from the ONT. This is due to the distance from the ONT and the use of 2.4 GHz WiFi, which has limited coverage and performance over longer distances. We recommended that the customer contact the service provider to install a WiFi Access Point (AP) to improve coverage. From our side, everything is working fine. | AA7: Non-Genuine Ticket | AC7: Damaged | AJ7: Not required
A8: 46115 | B8: Zubair | C8: Controller Aditi | D8: 20072054 | E8: ESSENTIAL_300M_60M | F8: NZA | G8: 1214 | H8: 1411 | I8: 706 | J8: 0 | K8: LOS | L8: 37778703 | M8: Appointment 03/04/2026@anytime We called the customer and customer said there is red light on the router LOS | N8: GPON Service Assurance | O8: Batelco | P8: 46115.528 | Q8: 46115.528 | R8: 46115.642 | S8: 0.11413194 | T8: Within | V8: 17224803 | W8: Resolved | X8: GPON_Patch_Cord | Y8: Re-inserted Patch Cord Correctly | Z8: Patch cord was lose in ont we re-insert the patch cord properly now line restored | AC8: Damaged | AJ8: Not required
A9: 46116 | B9: Mohsin | C9: Controller Waqas | D9: 20072066 | E9: ESSENTIAL_300M_60M | F9: BUD | G9: 583 | H9: 8318 | I9: 1749 | J9: 0 | K9: customer claiming router have issue kindly she is requesting for replacement | L9: 36444737 | M9: Appointment 04/04/2026@anytime We called the customer and customer said there is disconnection and speed issue .he sais send a team to check the issue Line is working normal in NCE | N9: GPON Service Assurance | O9: Batelco | P9: 46115.629 | Q9: 46115.754 | R9: 46116.569 | S9: 0.93967593 | T9: Within | U9: Appointment Rescheduled | V9: 17009485 | W9: Resolved | X9: Profile Reconfigured - Hard Reset | Z9: As per customer facing speed issue . Our visit we found speed issue 2.4G and 5G...not getting more then 2.4G 20Mbps and 5G 200Mbps.after reset ONT speed getting as per package.. Now line working fine... | AA9: Non-Genuine Ticket | AJ9: Not required
A10: 46116 | B10: Rajesh | C10: Controller Waqas | D10: 20072084 | E10: ESSENTIAL_300M_60M | F10: ROW | G10: 1209 | H10: 914 | I10: 944 | K10: Customer reported he has been facing issue with internet router and customer prefers visit to his house to further investigate the root of the issue //Customer instead on visiting his house please customer is calling us multiple times regarding the same issu | L10: 33458158 | M10: App:4/4/26 - 3PM/ As per customer internet not working router may b some issue | N10: GPON Service Assurance | O10: Batelco | P10: 46115.854 | Q10: 46115.979 | R10: 46116.646 | S10: 0.79188657 | T10: Within | V10: WBS_727646_1 | W10: Resolved | X10: No Issue found on site visit | Z10: As per our visit for the disconnection issue, we checked the connection end-to-end and verified line stability and RX power; all values are normal. Ping test and speed test through both WiFi and LAN are working fine. During inspection, we found the internal cable had an SC UPC tube connector, which may cause instability. We removed the connector and completed a pigtail fusion splice. After rectification, we tested again and confirmed that speed and ping are normal. Customer reported buffering issue while using TV IP applications; however, from our side, the connection is working properly with no faults detected. | AA10: Non-Genuine Ticket | AJ10: Not required
A11: 46116 | B11: Bilal | C11: Controller Yasser | D11: 20072082 | E11: ESSENTIAL_300M_60M | F11: ROW | G11: 1209 | H11: 903 | I11: 222 | K11: customer facing slow and disconnected internet | L11: 66334100 | M11: App:4/4/26 - Open time/ Customer said there is no signal on ONT and keep disconnection | N11: GPON Service Assurance | O11: Batelco | P11: 46115.794 | Q11: 46115.919 | R11: 46116.588 | S11: 0.79375 | T11: Within | V11: WBS_263750_1 | W11: Resolved | X11: No Issue found on site visit | Z11: customer complained about the disconnection during our visit we checked the line end-to-end over line working properly and the rx power was stable speed everything is working properly no technical issue was found | AA11: Non-Genuine Ticket | AC11: Damaged | AJ11: Not required
A12: 46117 | B12: Bilal | C12: Controller Waqas | D12: 20071941 | E12: ESSENTIAL_1G_500M | F12: NZA | G12: 1038 | H12: 3819 | I12: 467 | K12: no internet connection ,he can connect with wifi but without internet | L12: 32029295 | M12: Appointment 05/04/2026@9 am sharp App 5 April 2026/ 9/ As per customer LAN cable is working but he is unable to conect with wifi and he is asking a team to visit him Customer will arrange IT person because Customer using firewall....Sunday 9am sharp" | N12: GPON Service Assurance | O12: Batelco | P12: 46114.408 | Q12: 46114.532 | R12: 46117.489 | S12: 3.0805903 | T12: Exceeded | U12: Appointment Rescheduled | V12: WBS_754514_1 | W12: Resolved | X12: Customer Internal Nertwork Issue | Y12: No isue found on site visit | Z12: Customer complained about no internet. During our visit, we found that the customer firewall device was faulty. As per customer request, we removed the firewall and connected the service directly to the main ONT. The line is now working fine and stable. and customer satisfied. Customer had an emegency he left and informed our team to send the link he will complete the survey later | AA12: Non-Genuine Ticket | AC12: Faulty | AJ12: Not required
A13: 46118 | B13: Mohsin | C13: Controller Yasser | D13: 20072040 | E13: ESSENTIAL_300M_60M | F13: NZA | G13: 1214 | H13: 1401 | I13: 6 | J13: 0 | K13: The customer facing slowness Kindly check. Download: 130 Mbps. | L13: 33350240 | M13: Appointment 06/04/2026@4 On visit customer reappointment tomorrow after 4 o'clock Direct visit, No access to the ONT, ONT room is closed, customer saying plz come back tomorrow after 4pm Unreachable 2 no answer by call no access by visit | N13: GPON Service Assurance | O13: Batelco | P13: 46115.053 | Q13: 46115.053 | R13: 46118.774 | S13: 3.7202662 | T13: Exceeded | U13: Appointment Rescheduled | V13: WBS_711823_1 | W13: Resolved | X13: No Issue found on site visit | Z13: As per our visit regarding the customer’s complaint of slow browsing, we found that the customer is using a PlayStation connected via Wi-Fi. We informed the customer that for better performance and stability, it is recommended to use a LAN cable instead of Wi-Fi. All parameters were checked and found to be normal. Speed tests were conducted using LAN cable, 2.4GHz Wi-Fi, and 5GHz Wi-Fi, and all results were within the expected range. Currently, the service is working fine. | AA13: Non-Genuine Ticket | AC13: Damaged | AJ13: Not required
A14: 46117 | B14: Zubair | C14: Controller Yasser | D14: 20072226 | E14: ESSENTIAL_300M_60M | F14: JZR | G14: 1056 | H14: 5634 | I14: 1226 | J14: 0 | K14: offline | L14: 33039093 | M14: Appointment 05/04/2026@Anytime We called the customer and customer said there is disconnection and speed issue .he sais send a team to check the issue | N14: GPON Service Assurance | O14: Batelco | P14: 46117.612 | Q14: 46117.737 | R14: 46117.793 | S14: 0.18008102 | T14: Within | V14: 17002740 | W14: Resolved | X14: No Issue found on site visit | Z14: As per the customer's report, the internet is not working and there's a speed issue. However, during our visit, the line was working normally without any issues, and the customer is getting the speed as per their package. The power is normal (20) | AA14: Non-Genuine Ticket | AC14: Damaged | AJ14: Not required
A15: 46118 | B15: Mohsin | C15: Controller Yasser | D15: 20072253 | E15: ESSENTIAL_300M_60M | F15: ROW | G15: 1020 | H15: 2041 | I15: 3564 | J15: 0 | K15: refer to SR-26032863688 after they change the fiber for him the internet get wrost kindly check | L15: 39865544 | M15: Appointment 06/04/2026@anytime We called the customer and customer said there is disconnection and speed issue internet not stable with all devices .he wants a team to check Rx Optical Power (dBm) = -16.73 | N15: GPON Service Assurance | O15: Batelco | P15: 46117.924 | Q15: 46118.049 | R15: 46118.713 | S15: 0.78880787 | T15: Within | V15: WBS_674064_1 | W15: Resolved | X15: No Issue found on site visit | Z15: As per our visit for the disconnection issue, we checked the connection end-to-end and RX power are normal. During our inspection, we found one LAN cables was faulty—when connected directly to the ONT, the internet got disconnected. We informed to customer he will change Lan cable After now connection is working properly. we conducted ping tests and speed tests through both WiFi and LAN, and everything was working fine. | AA15: Non-Genuine Ticket | AC15: Damaged | AJ15: Not required
A16: 46118 | B16: Rajesh | C16: Controller Waqas | D16: 20072252 | E16: ESSENTIAL_300M_60M | F16: NZA | G16: 1038 | H16: 3872 | I16: 3086B | J16: 23 | K16: customer facing slow internet connection | L16: 33163136 | M16: Appointment 06/04/2026@11AM - 12PM We called the customer and customer said that the network displays the name of the wifi but there's no connection | N16: GPON Service Assurance | O16: Batelco | P16: 46117.922 | Q16: 46117.922 | R16: 46118.537 | S16: 0.61503472 | T16: Within | V16: WBS_721378_1 | W16: Resolved | X16: Customer Related Issue | Y16: Customer Internal Network issue | Z16: As per our visit for the disconnection issue and WiFi connectivity issue, we checked the connection end-to-end and verified line stability and RX power; everything is normal. We tested WiFi stability and speed on both 2.4 GHz and 5 GHz bands, and both are working normally and stable. The customer reported that one laptop used for work is unable to connect to WiFi. Upon checking, the issue appears to be with the customer’s device. We explained this to the customer, and he acknowledged and will resolve it through an IT service shop. From our side, no faults were found. | AA16: Non-Genuine Ticket | AB16: 46118.378 | AJ16: Not required
A17: 46118 | B17: Mohsin | C17: Controller Yasser | D17: 20072266 | E17: ESSENTIAL_300M_60M | F17: NZA | G17: 1012 | H17: 101 | I17: 701 | J17: 0 | K17: LOS rx power high | L17: 36602009 | M17: Appointment 06/04/2026@anytime We called the customer and customer said there is red light on the router and telephone line is not working Line not showing in NCE | N17: GPON Service Assurance | O17: Batelco | P17: 46118.374 | Q17: 46118.499 | R17: 46118.578 | S17: 0.20355324 | T17: Within | V17: WBS_372446_1 | W17: Resolved | X17: No Issue found on site visit | Z17: Line is up and connected from ourside this is ISDN line power is also fine . Customer has been informed to check with Businnes team there is no such issue from ourside. | AJ17: Not required
A18: 46118 | B18: Rajesh | C18: Controller Aditi | D18: 20072268 | E18: ESSENTIAL_300M_60M | F18: ROW | G18: 1208 | H18: 808 | I18: 485 | J18: 0 | K18: customer not getting full speed even if he is connected on 5G | L18: 39989869 | M18: Appointment 06/04/2026@anytime We called the customer and customer said there is disconnection and speed issue internet not stable with all devices .he wants a team to check Rx Optical Power (dBm) = -19.35 | N18: GPON Service Assurance | O18: Batelco | P18: 46118.394 | Q18: 46118.519 | R18: 46118.497 | S18: 0.10302083 | T18: Within | V18: WBS_393378_1 | W18: Resolved | X18: No Issue found on site visit | Y18: No Issue found on site visit | Z18: As per our visit for the slowness issue, we checked the connection end-to-end and verified line stability and RX power; everything is normal. The internal FTB and external FTB side cable connections are as per standard. We tested the connection speed through LAN, WiFi 2.4 GHz, and WiFi 5 GHz, and all are working normally with speeds as per the subscribed package. A ping test was also conducted to check for disconnection, and the results were stable with no issues found. The customer reported that at times the WiFi suddenly disappears/disconnects and reconnects after some time. However, during our visit, all services were working properly, and no issue was observed. | AA18: Non-Genuine Ticket | AB18: 46118.409 | AJ18: Not required
A19: 46118 | B19: Mohsin | C19: Controller Aditi | D19: 20072288 | E19: ESSENTIAL_300M_60M | F19: ROW | G19: 1032 | H19: 28 | I19: 63 | K19: Router Offline No lights in router | L19: 36191755 | M19: Appointment 06/04/2026@anytime As per Customer there is no light on ONT and in NCE shows offline | N19: GPON Service Assurance | O19: Batelco | P19: 46118.5 | Q19: 46118.625 | R19: 46118.552 | S19: 0.051724537 | T19: Within | V19: 21020049 | W19: Resolved | X19: No Issue found on site visit | Y19: No Issue found on site visit | Z19: On visit no fault found ont off due to customer main electrical power DP MCB off .we switch on mcb ont working fine ...same inform to customer | AA19: Non-Genuine Ticket | AB19: 46118.506 | AJ19: Not required
A20: 46118 | B20: bilal | C20: Controller Waqas | D20: 20072304 | E20: ESSENTIAL_300M_60M | F20: BUD | G20: 575 | H20: 7527 | I20: 1941 | J20: 21 | K20: Customer facing slowness and disconnection in his internet conection | L20: 33364595 | M20: Appointment 06/04/2026@anytime We called the customer and customer said there is disconnection and speed issue internet not stable with all devices .he wants a team to check Rx Optical Power (dBm) = -11.61 | N20: GPON Service Assurance | O20: Batelco | P20: 46118.585 | Q20: 46118.71 | R20: 46118.689 | S20: 0.10413194 | T20: Within | V20: WBS_376910_1 | W20: Resolved | X20: No Issue found on site visit | Z20: customer complained about the disconnection during our visit we checked the line end-to-end over line working properly we checked speed test with LAN and Wi-Fi both working as per the customer package checked ping test it's not showing any disconnection. customer have issue with his red box we reconfigured the red boxe now customer is satisfied. | AA20: Non-Genuine Ticket | AJ20: Not required
A21: 46118 | B21: Rajesh | C21: Controller Yasser | D21: 20072310 | E21: ESSENTIAL_300M_60M | F21: ROW | G21: 1204 | H21: 415 | I21: 1133 | J21: 0 | K21: router keep disconnecting | L21: 66614665 | M21: Appointment 06/04/2026@anytime We called the customer and customer said there is disconnection and speed issue internet not stable with all devices .he wants a team to check | N21: GPON Service Assurance | O21: Batelco | P21: 46118.623 | Q21: 46118.747 | R21: 46118.681 | S21: 0.058101852 | T21: Within | V21: 17178937 | W21: Resolved | X21: No Issue found on site visit | Z21: As per our visit regarding the disconnection issue, we checked the connection and performed ping tests through both LAN and WiFi. No disconnection was observed during testing. We also conducted speed tests via LAN and WiFi, and all results were within normal limits. The customer is using a TP-Link extender in the kitchen area, which is connected wirelessly (WBS) and not through LAN. We informed the customer to verify whether any future disconnection occurs on the ONT WiFi or the extender. At the time of our visit, no issues were found and all services were working properly. | AA21: Non-Genuine Ticket | AC21: Damaged | AJ21: Not required
A22: 46118 | B22: Rajesh | C22: Controller Yasser | D22: 20072314 | E22: ESSENTIAL_300M_60M | F22: DUM | G22: 1016 | H22: 1606 | I22: 287 | J22: 32 | K22: Customer complaining about latency issue , Before used to get 2 or 3 ms now its 30 ms or above. | L22: 33117905 | M22: Appointment 06/04/2026@anytime We called the customer and customer said there is disconnection and speed issue internet not stable with all devices .he wants a team to check | N22: GPON Service Assurance | O22: STC | P22: 46118.65 | Q22: 46118.65 | R22: 46118.728 | S22: 0.078194444 | T22: Within | V22: WBS_420169_1 | W22: Resolved | X22: No Issue found on site visit | Z22: As per our visit regarding the customer’s slow speed issue and high MS/ping issue on PlayStation, we checked the connection end-to-end and verified line stability and RX power; all parameters were normal. During our investigation, we found that the ONT LAN ports were providing a maximum speed of 100/40 Mbps, whereas the subscribed package speed is 300/60 Mbps. We reset and reconfigured the ONT, after which all LAN ports were delivering the expected speed. However, the customer is still experiencing high MS/ping issues while gaming on PlayStation. From our side, all tests, including ping tests, show stable connectivity with no disconnection. The customer has been informed to contact the service provider regarding the gaming server/ping issue. | AA22: Non-Genuine Ticket | AC22: Damaged | AJ22: Not required
A23: 46119 | B23: Bilal | C23: Controller Aditi | D23: 20072312 | E23: ESSENTIAL_300M_60M | F23: BUD | G23: 533 | H23: 3314 | I23: 484 | J23: 0 | K23: The customer has been using fiber service with us since 2022, and before that, he used the same ONT with another company. Now, the customer noticed there is a disconnection issue, and the ONT is not working well. Please check the ONT and replace the device if required. | L23: 39670182 | M23: Appointment 07/04/2026@ 8 to 4- As per customer he is facing speed and disonnection issue sometimes need to restart the ONT he need a team to visit him | N23: GPON Service Assurance | O23: STC | P23: 46118.63 | Q23: 46118.63 | R23: 46119.402 | S23: 0.7721875 | T23: within | V23: WBS_393458_1 | W23: Resolved | X23: No Issue found on site visit | Y23: No Issue found on site visit | Z23: Customer complained about disconnection. During our visit, we checked the line end-to-end and found the power stable. We performed speed tests on both Wi-Fi and LAN cable and obtained proper speed as per the customer package. We also conducted a ping test, which was working properly. Overall, the line and ONT are working properly. | AA23: Non-Genuine Ticket | AB23: 46118.639 | AJ23: Not required
A24: 46119 | B24: Rajesh | C24: Controller Waqas | D24: 20072343 | E24: ESSENTIAL_300M_60M | F24: ROW | G24: 1033 | H24: 3367 | I24: 2678 | J24: 0 | K24: RX power-22.4dBm | L24: 39262696 | M24: Appointment 07/04/2026@after 4 We called the customer and customer said there is disconnection and speed issue internet not stable with all devices .he wants a team to check Rx Optical Power (dBm) = -22.52 | N24: GPON Service Assurance | O24: Batelco | P24: 46118.824 | Q24: 46118.948 | R24: 46119.714 | S24: 0.89052083 | T24: within | V24: 21019495 | W24: Resolved | X24: Customer Related Issue | Y24: Customer internal Network Issue | Z24: Visited for disconnection issue. Checked end-to-end connection, line stability, and RX power – all normal. Performed ping and speed tests via WiFi and LAN; results were fine. Found internal FTB using SC UPC tube connector, which may cause instability. Removed connector and completed pigtail fusion splice. Rechecked ping and speed – working normally. Customer premises is large; main ONT installed on 1st floor does not provide full coverage. Ground floor using WiFi extender via WPS. Advised customer to contact service provider for proper WiFi access point installation. From our side, connection is stable and working fine. | AA24: Non-Genuine Ticket | AJ24: Not required
A25: 46119 | B25: Mohsin | C25: Controller Aditi | D25: 20072374 | E25: ESSENTIAL_300M_60M | F25: HAM | G25: 1014 | H25: 6 | I25: 27 | J25: 1 | K25: customer connect with wifi but there is no internet connection ,if we restart the router working only for two minutes after that disconnected again | L25: 33402526 | M25: Appointment 07/04/2026@anytime We called the customer and customer said there is disconnection and speed issue internet not stable with all devices .he wants a team to check Rx Optical Power (dBm) = -17.3 | N25: GPON Service Assurance | O25: Batelco | P25: 46119.416 | Q25: 46119.54 | R25: 46119.479 | S25: 0.063263889 | T25: within | V25: WBS_379745_1 | W25: Resolved | X25: No Issue found on site visit | Y25: No Issue found on site visit | Z25: On visit As per customer said wifi SSID name and Password showing line number ..reconfiguration SSID and password as per customer now line working fine | AA25: Non-Genuine Ticket | AB25: 46119.422 | AJ25: Not required
A26: 46119 | B26: Mohsin | C26: Controller Yasser | D26: 20072425 | E26: ESSENTIAL_300M_60M | F26: NZA | G26: 1214 | H26: 1447 | I26: 2902 | J26: 0 | K26: los + offline in tr69 | L26: 33330234 | M26: Appointment 07/04/2026@Anytime We called the customer and customer said there is disconnection and speed issue internet not stable with all devices .he wants a team to check Rx Optical Power (dBm) = -18.76 | N26: GPON Service Assurance | O26: Batelco | P26: 46119.672 | Q26: 46119.796 | R26: 46119.793 | S26: 0.12143519 | T26: within | V26: 17595652 | W26: Resolved | X26: No Issue found on site visit | Z26: As per our visit regarding the customer’s slow browsing issue, we found that the problem is related to the TV receiver application not working. We advised the customer to contact the TV receiver service provider for further assistance. All network parameters were checked and found to be normal. Speed tests were performed using LAN cable, Wi-Fi 2.4G, and Wi-Fi 5G, and all were working fine. | AC26: Damaged | AJ26: Not required
A27: 46119 | B27: Rajesh | C27: Controller Waqas | D27: 20072427 | E27: ESSENTIAL_300M_60M | F27: BUD | G27: 529 | H27: 45 | I27: 68 | J27: 62 | K27: Los | L27: 39166666 | M27: Appoiment 7/4/2026 @ before 6pm as per cusomer Red Los on ONT | N27: GPON Service Assurance | O27: Batelco | P27: 46119.679 | Q27: 46119.804 | R27: 46119.772 | S27: 0.092662037 | T27: within | V27: WBS_768374_1 | W27: Resolved | X27: Customer Related Issue | Y27: Customer Internal Network Issue | Z27: Visit Report (LOS Issue):-As per our visit for the LOS issue, we found that the customer’s cleaning team had accidentally turned off the ONT. We powered it back on, and the internet service is now restored and working normally. However, the customer is still experiencing an issue with the WiFi access point on the first floor. The customer will coordinate with their IT team to resolve this issue. | AJ27: Not required
A28: 46120 | B28: Mohsin | C28: Controller Aditi | D28: 20072434 | E28: ESSENTIAL_500M_250M | F28: ROW | G28: 1209 | H28: 906 | I28: 349 | J28: 0 | K28: Internet Disconnection on all the devices, " TV, Mobile, and Laptop." Also, he noticed a speed drop to 50 Mbps. | L28: 39690300 | M28: Appointment 08/04/2026@8 to 10 We contacted the customer, and he reported experiencing frequent disconnections and speed issues. The internet connection is unstable across all devices. The customer has requested a team visit to investigate and resolve the issue. Rx Optical Power (dBm) = -13.8 | N28: GPON Service Assurance | O28: STC | P28: 46119.714 | Q28: 46119.714 | R28: 46120.494 | S28: 0.78020833 | T28: within | V28: WBS_341577_1 | W28: Resolved | X28: Customer Related Issue | Y28: Customer internal Network Issue | Z28: On visit as per customer said internal disconnection issue we checked the connection end-to-end and and RX power; everything was found to be normal. During our inspection, we identified that the customer using wifi extenders more then 3 all this not working properly we reconfigure all 3 extenders now line working fine .... | AA28: Non-Genuine Ticket | AB28: 46119.839 | AJ28: Not required
A29: 46120 | B29: Rajesh | C29: Controller Waqas | D29: 20072454 | E29: ESSENTIAL_300M_60M | F29: NZA | G29: 1211 | H29: 1143 | I29: 2616 | J29: 0 | K29: cannot connect with network | L29: 39622291 | M29: Appointment 08/04/2026@9 or after We contacted the customer, and he informed us that he is able to connect to the Wi-Fi; however, there is no internet access. We attempted to resolve the issue by changing the Wi-Fi name and password, but the issue persists. The customer has requested a site visit for further inspection. Rx Optical Power (dBm) = -12.81 | N29: GPON Service Assurance | O29: Batelco | P29: 46119.825 | Q29: 46119.95 | R29: 46120.486 | S29: 0.6609838 | T29: within | U29: Appointment Rescheduled | V29: 17430930 | W29: Resolved | X29: Customer Related Issue | Y29: Customer internal Network Issue | Z29: As per our visit for the disconnection / no browsing issue, we checked the connection end-to-end and verified line stability and RX power; all parameters were within normal range. During our inspection, we found that the customer had connected a LAN cable from the ONT back to the same ONT, creating a loop, which caused the internet service to stop working. We removed the loop connection and corrected the setup. After rectification, the line was restored and internet service is working normally. The issue was explained to the customer. From our side, everything is functioning properly. | AA29: Non-Genuine Ticket | AJ29: Not required
A30: 46120 | B30: Rajesh | C30: Controller Aditi | D30: 20072501 | E30: ESSENTIAL_300M_60M | F30: DUM | G30: 1016 | H30: 1610 | I30: 866 | K30: Not able to connect to PS5 | L30: 39999750 | M30: Appointment 8/4/2026 @ 1pm/ Customer said sometimes working sometime disconnected | N30: GPON Service Assurance | O30: STC | P30: 46120.442 | Q30: 46120.442 | R30: 46120.592 | S30: 0.14953704 | T30: within | V30: WBS_591110_1 | W30: Resolved | X30: Customer Related Issue | Y30: Customer internal Network Issue | Z30: As per our visit for the disconnection issue and PlayStation connectivity issue, we checked the connection from our side and verified line stability. Ping tests were conducted through LAN and WiFi, and no disconnection was detected. We also performed speed tests via LAN and WiFi, and the results were as per the subscribed package. The customer is using network switches for internal connectivity. Upon inspection, no issues were found from the ONT side. The PlayStation is showing some kind of error which is not related to the internet connection. From our side, the connection is working normally | AA30: Non-Genuine Ticket | AB30: 46120.488 | AJ30: Not required
A31: 46120 | B31: Mohsin | C31: Controller Waqas | D31: 20072500 | E31: ESSENTIAL_300M_60M | F31: ROW | G31: 1211 | H31: 1141 | I31: 2532 | K31: no able to connect to PS | L31: 33394304 | M31: Appointment 8/4/2026 @ 4PM. Customer said internet not works with playstation and he need a team to visit him | N31: GPON Service Assurance | O31: STC | P31: 46120.441 | Q31: 46120.441 | R31: 46120.653 | S31: 0.21185185 | T31: within | V31: WBS_623700_1 | W31: Resolved | X31: Customer Related Issue | Y31: Customer internal Network Issue | Z31: As per our site visit regarding the customer’s PlayStation not working, we performed an end-to-end check of the connection, including verification of RX power. All parameters were found to be within the normal range. We advised the customer to follow up with the Service provider for further assistance. Additionally, speed tests were conducted to verify performance, and the results were normal across 2.4 GHz, 5 GHz, and LAN connections. The line is working properly as per the subscribed package. | AA31: Non-Genuine Ticket | AB31: 0.46875 | AJ31: Not required
A32: 46120 | B32: Rajesh | C32: Controller Yasser | D32: 20072497 | E32: ESSENTIAL_500M_250M | F32: BUD | G32: 538 | H32: 3824 | I32: 1011 | K32: TT 1-245836074207 regarding low internet speed. | L32: 33277882 | M32: Repeated SR 20070821 - Appointment 8/4/2026 4 to5pm/ Customer Said as per customer there is some issue in speed | N32: GPON Service Assurance | O32: STC | P32: 46120.438 | Q32: 46120.438 | R32: 46120.743 | S32: 0.30528935 | T32: within | V32: WBS_713730_1 | W32: Resolved | X32: No Issue found on site visit | Z32: As per our visit for the customer’s internet issue, we checked the connection end-to-end and verified line stability and RX power; all parameters were normal. The customer’s main concern is related to PlayStation online gaming. When attempting to sign in for online gaming, the connection fails. However, when the customer connects the PlayStation using a mobile hotspot from another service provider, the online gaming works properly. The customer also confirmed that the service works fine when using a friend’s 5G CPE connection. Based on our checks, no issues were found from the BNET side during testing. | AC32: Damaged | AJ32: Not required
A33: 46120 | B33: Mohsin | C33: Controller Yasser | D33: 20072504 | E33: ESSENTIAL_300M_60M | F33: NZA | G33: 1056 | H33: 5664 | I33: 3665 A | K33: Not able to connect to PS5 | L33: 39925445 | M33: Appointment 8/4/2026 @ Open time/ Call before as per customer he is unable to connect the playstation and asking a team to visit and check | N33: GPON Service Assurance | O33: STC | P33: 46120.447 | Q33: 46120.447 | R33: 46120.792 | S33: 0.34510417 | T33: within | V33: WBS_768237_1 | W33: Resolved | X33: No Issue found on site visit | Z33: As per our visit for the customer’s internet issue, we checked the connection end-to-end and verified line stability and RX power; all parameters were normal. The customer’s main concern is related to PlayStation online gaming. When attempting to sign in for online gaming, the connection fails. And also we connects the PlayStation using a mobile hotspot also same connection fails showing customer also agree... He said he will check PlayStation customer service... ...we also performed speed tests via wifi and Lan cable as per customer package speed working properly | AA33: Non-Genuine Ticket | AB33: 0.51736111 | AC33: Damaged | AJ33: Not required
A34: 46120 | B34: Rajesh | C34: Controller Yasser | D34: 20072518 | E34: ESSENTIAL_300M_60M | F34: BUD | G34: 540 | H34: 4077 | I34: 2223 | K34: Please note that the customer is facing multiple disconnection on his device all the time he needs some one to visit and check his device he think that might he has issue with the device. | L34: 36333838 | M34: App 8 April/Open time. As per customer internet disconnect after 5m from ONT and not working on both need a team to check | N34: GPON Service Assurance | O34: STC | P34: 46120.544 | Q34: 46120.544 | R34: 46120.68 | S34: 0.13619213 | T34: within | V34: WBS_725409_1 | W34: Resolved | X34: No Issue found on site visit | Z34: As per our visit for the disconnection issue, we checked the connection end-to-end and verified line stability and RX power; all parameters were normal. The subscribed speed (100/20 Mbps) was confirmed by the ISP. We conducted ping tests and no disconnection was detected. Speed tests were also performed through both LAN and WiFi, and the results were as per the subscribed package. However, the customer reported experiencing intermittent disconnections since the time of installation and has raised multiple complaints with the ISP. The customer also stated that devices such as TV and mobile phones occasionally face browsing issues. At the time of our visit, no issues were observed from our side. The customer is requesting ONT replacement despite no faults being detected during testing. | AA34: Non-Genuine Ticket | AB34: 13:40:00 PM | AC34: Damaged | AJ34: Not required
A35: 46120 | B35: Bilal | C35: Controller Yasser | D35: 20072517 | E35: ESSENTIAL_300M_60M | F35: ROW | G35: 1034 | H35: 32 | I35: 120 | J35: 13 | K35: The customer cannot use the network, and 5G is not working for them. 4G is very slow, in TR online. TS done from tow days. The customer wants to file a complaint that the service is unsatisfactory and is upset because they have been affected for several days. | L35: 34515151 | M35: App 8 April/Open time. Customer need a team to visit and check as per him internet suddenly stop working | N35: GPON Service Assurance | O35: STC | P35: 46120.544 | Q35: 46120.544 | R35: 46120.737 | S35: 0.19366898 | T35: within | V35: WBS_690650_1 | W35: Resolved | X35: No Issue found on site visit | Z35: Upon inspection, no issues were identified, and the line was found to be working properly. We tested the connection using both LAN cable and Wi-Fi, and both were functioning normally. Additionally, we confirmed with the ISP that the customer’s subscribed package provides 100 Mbps download and 20 Mbps upload speeds. customer have issue from hes PC | AC35: Damaged | AJ35: Not required
A36: 46120 | B36: Rajesh | C36: Controller Yasser | D36: 20072533 | E36: ESSENTIAL_300M_60M | F36: BUD | G36: 575 | H36: 7516 | I36: 945 | J36: 0 | K36: as per our last visit The customer has a problem with their fiber device | L36: 38400100 | M36: Appointment 08/04/2026@ 5 or after We contacted the customer, and he informed us that he is able to connect to the Wi-Fi; however, there is no internet access. We attempted to resolve the issue by changing the Wi-Fi name and password, but the issue persists. The customer has requested a site visit for further inspection. Rx Optical Power (dBm) = -17.28 | N36: GPON Service Assurance | O36: STC | P36: 46120.64 | Q36: 46120.64 | R36: 46120.788 | S36: 0.14853009 | T36: within | V36: WBS_763201_1 | W36: Resolved | X36: No Issue found on site visit | Z36: As per our visit for the disconnection issue, we checked the connection end-to-end and verified line stability and RX power; all parameters were normal. During our inspection, we found that the customer was using a secondary ONT as a WiFi access point, connected to the main ONT. This setup was causing network instability and disconnections. When we removed the LAN cable connected to the secondary ONT, the line became stable and the internet started working properly. The customer was informed that for proper WiFi coverage, they should contact the service provider for a suitable solution (e.g., installation of a proper WiFi access point). From our side, the connection is working normally. | AC36: Damaged | AJ36: Not required
A37: 46120 | B37: Bilal | C37: Controller Yasser | D37: 20072536 | E37: ESSENTIAL_300M_60M | F37: ROW | G37: 1205 | H37: 543 | I37: 2695B | J37: 0 | K37: customer complaining about a dropped speed even if he connects near to the router | L37: 36677164 | M37: Appointment 08/04/2026@Anytime We contacted the customer, and he informed us that he is able to connect to the Wi-Fi; however, there is no internet access. We attempted to resolve the issue by changing the Wi-Fi name and password, but the issue persists. The customer has requested a site visit for further inspection. | N37: GPON Service Assurance | O37: STC | P37: 46120.661 | Q37: 46120.661 | R37: 46120.831 | S37: 0.16989583 | T37: within | V37: WBS_585202_1 | W37: Resolved | X37: No Issue found on site visit | Z37: customer complained about the disconnection during our visit we checked the line end-to-end and found over line is working properly customer have issue from Redbox.. no technical issue found.. | AC37: Damaged | AJ37: Not required
A38: 46120 | B38: Bilal | C38: Controller Yasser | D38: 20072537 | E38: ESSENTIAL_300M_60M | F38: ROW | G38: 1020 | H38: 2027 | I38: 2212 | J38: 73 | K38: Customer is facing disconnection and cannot connect on wifi | L38: 36624431 | M38: Appointment 08/04/2026@Anytime We contacted the customer, and he informed us that he is able to connect to the Wi-Fi; however, there is no internet access. We attempted to resolve the issue by changing the Wi-Fi name and password, but the issue persists. The customer has requested a site visit for further inspection. | N38: GPON Service Assurance | O38: Batelco | P38: 46120.679 | Q38: 46120.804 | R38: 46120.875 | S38: 0.19584491 | T38: within | V38: 21007049 | W38: Resolved | X38: No Issue found on site visit | Z38: The customer reported experiencing disconnection issues. During our visit, we performed a complete end-to-end line check and confirmed that the ONT is working properly. No technical issues were identified from our side. The customer suspects that the issue may be related to weak Wi-Fi signal/coverage. | AC38: Damaged | AJ38: Not required
A39: 46121 | B39: mohsin | C39: Controller Aditi | D39: 20072544 | E39: ESSENTIAL_300M_60M | F39: ROW | G39: 1210 | H39: 1005 | I39: 218 | J39: 0 | K39: customer claiming router have issue kindly she is requesting for replacement | L39: 39454712 | M39: Appointment 09/04/2026@8 to 10 call before visit We contacted the customer, who reported experiencing frequent disconnections with the router even when in close proximity. The customer has requested a site visit for further inspection and resolution. Rx Optical Power (dBm) = -21.25 | N39: GPON Service Assurance | O39: Batelco | P39: 46120.722 | Q39: 46120.847 | R39: 46121.409 | S39: 0.68677083 | T39: within | V39: 17682657 | W39: Resolved | X39: No Issue found on site visit | Y39: No Issue found on site visit | Z39: Customer facing wifi coverage issue his daughter. Room ...on visit we found ont location to Customer room long distance, advice to customer contact service provider for proper WiFi access point installation..... Line is working fine. | AA39: Non-Genuine Ticket | AJ39: Not required
A40: 46121 | B40: Bilal | C40: Controller Waqas | D40: 20072642 | E40: ESSENTIAL_300M_60M | F40: BUD | G40: 514 | H40: 60 | I40: 622 | J40: 0 | K40: customer have old ONT and he get several issues regarding that and the internet not stable .please replace the ONT | L40: 39766693 | M40: Appointment 09/04/2026@5 called customer and customer is facing disconnection in his line she wants a team to check. power is normal | N40: GPON Service Assurance | O40: Batelco | P40: 46121.659 | Q40: 46121.784 | R40: 46121.763 | S40: 0.1033912 | T40: within | V40: 17596693 | W40: Resolved | X40: No Issue found on site visit | Y40: No Issue found on site visit | Z40: Customer complained about disconnection. During our visit, we checked the line end-to-end and found RX power stable within the normal range. Speed tests were performed on both bands, and a ping test was also conducted. No issues were observed. The line is working properly. Note : Customer actual package is 300/60 Confirmed by ISP | AA40: Non-Genuine Ticket | AJ40: Not required
A41: 46121 | B41: Zubair | C41: Controller Waqas | D41: 20072640 | E41: ESSENTIAL_300M_60M | F41: NZA | G41: 1213 | H41: 1307 | I41: 481 A | K41: he customer facing slow browsing | L41: 33929644 -33367721 | M41: Wrong contact Visit and check | N41: GPON Service Assurance | O41: Batelco | P41: 46121.656 | Q41: 46121.78 | R41: 46121.739 | S41: 0.08287037 | T41: within | V41: WBS_750133_1 | W41: Resolved | X41: Customer Related Issue | Y41: Customer Internal Network issue | Z41: As per our visit regarding the reported slowness issue, we checked the line end-to-end. All parameters, including line stability and signal levels, were found to be normal. During our inspection, the customer informed us that the issue is related to Wi-Fi coverage. The router is not providing sufficient signal in the garage area and in the corners of the rooms. We informed the customer that a single router may not be able to cover the entire premises. To improve coverage, additional equipment such as an access point or Wi-Fi extender is required. We advised the customer to contact their service provider regarding the availability of a Redbox or similar solution to enhance Wi-Fi coverage. CC no answer by customer | AA41: Non-Genuine Ticket | AJ41: Not required
A42: 46121 | B42: Zubair | C42: Controller Yasser | D42: 20072648 | E42: ESSENTIAL_1G_500M | F42: NZA | G42: 1056 | H42: 5641 | I42: 1611 | K42: On Site Technical Visit | L42: 66753488 | M42: EMAIL CASE No Answer/ Team will visit and check | N42: GPON Service Assurance | O42: Batelco | P42: 46121.673 | Q42: 46121.673 | R42: 46121.762 | S42: 0.08962963 | T42: within | V42: WBS_390592_1 | W42: Resolved | X42: No Issue found on site visit | Z42: During the visit for technical support, we checked the line and found that the router was switched off by mistake. We powered on the router, and the service started working normally. The customer also reported experiencing occasional low speed on their PC. We performed a speed test during the visit, and all results were normal at that time. The customer additionally tested the connection on their PC, and the line was found to be working properly end-to-end. | AC42: Damaged | AJ42: Not required
A43: 46122 | B43: Rajesh | C43: Controller Aditi | D43: 20072670 | E43: ESSENTIAL_300M_60M | F43: BUD | G43: 520 | H43: 2012 | I43: 233 | J43: 0 | K43: The customer is unable to make calls, only receive them. | L43: 33478476 | M43: Appointment 10/04/2026@9 or after We contacted the customer, and he reported that his landline is not functioning. The customer has requested a technical team visit to investigate and resolve the issue.Line is idle as per system | N43: GPON Service Assurance | O43: Batelco | P43: 46121.791 | Q43: 46121.916 | R43: 46122.495 | S43: 0.70372685 | T43: within | V43: WBS_711193_1 | W43: Resolved | X43: Customer Related Issue | Y43: Customer internal Network Issue | Z43: As per our visit for the telephone line issue, we checked the configuration and verified RX stability; all parameters are normal. The customer reported that incoming calls are working properly. However, when attempting outgoing calls to landlines, a message indicates a billing issue. The customer has already contacted the service provider, who confirmed that there is no billing issue. Kindly escalate this case to the concerned team for further investigation Note: Internet is working fine | AA43: Non-Genuine Ticket | AB43: 46121.847 | AJ43: Not required
A44: 46123 | B44: Shahidul | C44: Controller Yasser | D44: 20072759 | E44: ESSENTIAL_300M_60M | F44: NZA | G44: 1216 | H44: 1640 | I44: 2368 | K44: facing slow and disconnected internet | L44: 38177744 | M44: App: 11/4/2026 Open time - As per customer internet is slow need a team to visit and check | N44: GPON Service Assurance | O44: Batelco | P44: 46122.989 | Q44: 46123.114 | R44: 46123.589 | S44: 0.60024306 | T44: Within | V44: WBS_754263_1 | W44: Resolved | X44: No Issue found on site visit | Z44: As per our visit for disconnection and slowness issue, we checked connection stability and found everything normal. Tested ping and speed through WiFi and LAN using laptop, results are normal. Customer reported internet not working on mobile devices; after reconfiguring WiFi name and password, internet worked properly. Found an additional WiFi access point not working, causing the issue. Explained to customer, and he understood. Line is working fine, no fault from ONT side. | AA44: Non-Genuine Ticket | AJ44: Not required
A45: 46123 | B45: Mohsin | C45: Controller Waqas | D45: 20072785 | E45: ESSENTIAL_300M_60M | F45: ROW | G45: 1204 | H45: 420 | I45: 1327 | J45: 0 | K45: LOS | L45: 39360000 | M45: Appointment 11/04/2026@anytime called customer and customer said is disconnection in his line before now.he said there is no internet | N45: GPON Service Assurance | O45: Batelco | P45: 46123.472 | Q45: 46123.597 | R45: 46123.654 | S45: 0.18204861 | T45: Within | V45: 17681759 | W45: Resolved | X45: No Issue found on site visit | Z45: As per our visit regarding the disconnection issue. we checked the connection end-to-end verified line and RX power; all parameters were within normal range. During our inspection, we found that the internal FTB was using an SC UPC tube connector, which could potentially cause instability. Therefore, we removed the connector and performed a pigtail fusion splice. After the correction, we check for disconnections and performed speed tests to verify performance. All results were normal, with no disconnection observed and speeds as per the subscribed package. From our side, the connection is working fine. | AJ45: Not required
A46: 46123 | B46: Mohsin | C46: Controller Yasser | D46: 20072794 | E46: ESSENTIAL_300M_60M | F46: AAL | G46: 1204 | H46: 457 | I46: 3719 | J46: 0 | K46: LOS | L46: 39259843 | M46: Appointment 11/04/2026@anytime called customer and customer said he is facing speed issue and he wants the team to visit and check | N46: GPON Service Assurance | O46: Batelco | P46: 46123.557 | Q46: 46123.682 | R46: 46123.696 | S46: 0.13925926 | T46: Within | V46: 17410355 | W46: Resolved | X46: No Issue found on site visit | Z46: During the visit, the customer requested to have separate Wi-Fi SSIDs for 2.4GHz and 5GHz bands. We reconfigured the SSID settings accordingly and performed speed tests to verify performance. All test results were within the expected range as per the subscribed package. The customer confirmed satisfaction with the service. The line is now working fine. | AC46: Damaged | AJ46: Not required
A47: 46123 | B47: Mohsin | C47: Controller Yasser | D47: 20072777 | E47: ESSENTIAL_300M_60M | F47: HAM | G47: 1006 | H47: 10 | I47: 20 | J47: 4 | K47: ONT offline. Kindly check. 485754431EAC7FB3 | L47: 66722344 | M47: App:11/4/2026 - Open time/ Not showing in NCE as per Customer light is flashing | N47: GPON Service Assurance | O47: Batelco | P47: 46123.427 | Q47: 46123.552 | R47: 46123.691 | S47: 0.26387731 | T47: Within | V47: WBS_706547_1 | W47: Resolved | X47: No Issue found on site visit | Z47: During the visit, no fault was found. We checked the connection end-to-end, including RX power levels, and all parameters were within normal range. As per the customer’s subscribed package, the speed is working properly. | AC47: Damaged | AJ47: Not required
A48: 46123 | B48: Rajesh | C48: Controller Yasser | D48: 20072832 | E48: ESSENTIAL_300M_60M | F48: ROW | G48: 1018 | H48: 1815 | I48: 1392 | J48: 12 | K48: customer is facing an issue with his router since it old it keeps freezing and turns off and disconnects and he wants to change the router | L48: 39997227 | M48: Appointment 11/04/2026@anytime called customer and customer said he is facing speed issue and he wants the team to visit and check Rx Optical Power (dBm) = -15.83 | N48: GPON Service Assurance | O48: Batelco | P48: 46123.795 | Q48: 46123.92 | R48: 46123.871 | S48: 0.075277778 | T48: Within | V48: WBS_361288_1 | W48: Resolved | X48: No Issue found on site visit | Z48: As per our visit regarding the internet disconnection issue, we checked the connection end-to-end and verified line stability and RX power; all parameters are normal. We performed ping and speed tests through both LAN and WiFi, and the connection was working fine. However, during our investigation, we suspected that a WiFi access point (WBS) might be in use. The customer stated that no additional access point was connected. While testing, LAN speed was consistently normal, but over WiFi the speed was initially very low, indicating a possible connection through an access point. We then changed the WiFi password and tested again; the speed returned to normal, suggesting that the access point may have been disconnected. We informed the customer to locate and ensure that any external access point is disabled, as using it may cause connectivity issues again. | AJ48: Not required
A49: 46124 | B49: Shahidul | C49: Controller Waqas | D49: 20072865 | E49: ESSENTIAL_300M_60M | F49: NZA | G49: 1010 | H49: 1019 | I49: 880 | J49: 0 | K49: customer stil facing same issue facing disconnection in internet and he makes restart and its offline in NCE | L49: 39664800 | M49: Appointment 12/04/2026@anytime called customer and customer said he is facing speed issue .he is not geeting proper speed and he wants the team to visit and check | N49: GPON Service Assurance | O49: Batelco | P49: 46124.313 | Q49: 46124.437 | R49: 46124.542 | S49: 0.22900463 | T49: Within | V49: WBS_585285_1 | W49: Resolved | X49: No Issue found on site visit | Z49: As per our visit regarding the disconnection issue. we checked the connection end-to-end verified line and RX power; all parameters were within normal range. During our inspection, we found that the internal FTB was using an SC UPC tube connector and external ftb box Blue connector which could potentially cause instability. Therefore, we removed the connector and performed a pigtail fusion splice. After the correction, we check for disconnections and performed speed tests to verify performance. All results were normal, with no disconnection observed and speeds as per the subscribed package. From our side, the connection is working fine. Customer not reachable on call/ he asked us to call back but did'nt received the call | AA49: Non-Genuine Ticket | AJ49: Not required
A50: 46124 | B50: Rajesh | C50: Controller Waqas | D50: 20072887 | E50: ESSENTIAL_1G_500M | F50: BUD | G50: 575 | H50: 7527 | I50: 1927 | J50: 0 | K50: offline | L50: 39331330 | M50: Appointment 12/04/2026@call before visit called customer and customer said he is facing speed issue .he is not geeting proper speed and he wants the team to visit and check Rx Optical Power (dBm) = -13.87 | N50: GPON Service Assurance | O50: Batelco | P50: 46124.465 | Q50: 46124.589 | R50: 46124.653 | S50: 0.18888889 | T50: Within | V50: 17790599 | W50: Resolved | X50: Customer Related Issue | Y50: Customer Internal Network Issue | Z50: As per our visit for the internet slowness issue, we checked the connection end-to-end and verified line stability and RX power; everything was normal. The customer was using WiFi through their mesh devices, while the main ONT WiFi was disabled. During our investigation, no issues were found on the ONT side. Both LAN and WiFi performance from the ONT were tested and found to be working properly. With the customer’s permission, we enabled the main ONT 5G WiFi and confirmed that it is functioning normally. We advised the customer that if they experience slowness again, they should ensure the connection is tested directly from the main ONT. At present, no issues were identified from our side | AJ50: Not required
A51: 46124 | B51: Rajesh | C51: Controller Waqas | D51: 20072517 | E51: ESSENTIAL_300M_60M | F51: ROW | G51: 1034 | H51: 32 | I51: 120 | J51: 13 | K51: The customer cannot use the network, and 5G is not working for them. 4G is very slow, in TR online. TS done from tow days. The customer wants to file a complaint that the service is unsatisfactory and is upset because they have been affected for several days. | L51: 34515151 | M51: Reply Email: App 12 April/Open time. Customer need a team to visit and check as per him internet suddenly stop working | N51: GPON Service Assurance | O51: STC | P51: 46120.544 | Q51: 46120.544 | R51: 46124.734 | S51: 4.1899421 | T51: Exceeded | V51: WBS_690650_1 | W51: Resolved | X51: No Issue found on site visit | Z51: As per our visit regarding the customer’s PC not connecting to the 5G WiFi, we checked the connection end-to-end and verified that everything is working normally. The customer’s PC was also tested and found to be functioning properly. The issue was not observed during our visit, and the customer confirmed satisfaction. | AJ51: Not required
A52: 46124 | B52: Rajesh | C52: Controller Yasser | D52: 20072943 | E52: ESSENTIAL_300M_60M | F52: BUD | G52: 550 | H52: 5029 | I52: 774 | J52: 0 | K52: slow browsing basic troubleshooting followed from our side temperature 56 Â°C | L52: 39003910 | M52: Appointment 12/04/2026@Anytime called customer and customer said is disconnection in his line before now.he said there is no internet Line is stable and we make Reconfigured but still customer asking for visit | N52: GPON Service Assurance | O52: Batelco | P52: 46124.721 | Q52: 46124.775 | R52: 46124.801 | S52: 0.079641204 | T52: within | V52: WBS_367073_1 | W52: Resolved | X52: No Issue found on site visit | Z52: As per our visit for the disconnection issue, we checked the connection end-to-end and verified line stability and RX power; everything was normal. The ONT is located on the 3rd floor, and we tested the speed from the ONT via both LAN and WiFi, confirming that speeds are as per the subscribed package. No disconnection was observed during ping tests. The customer’s concern is related to three Redbox devices installed in different areas of the house, all connected via WBS. These devices are placed in areas with weak and unstable WiFi coverage, which is likely causing the issue. We explained this to the customer; however, the customer did not accept this explanation and stated that they expect internet coverage in all areas. The customer also mentioned that the service was working fine before contract renewal. We manually checked the WiFi coverage from the ONT and confirmed that it is providing normal coverage. From our side, all services are working properly, and no issues were found. | AA52: Non-Genuine Ticket | AC52: Damaged | AJ52: Not required
A53: 46124 | B53: Rajesh | C53: Controller Yasser | D53: 20072951 | E53: ESSENTIAL_300M_60M | F53: HAM | G53: 1003 | H53: 307 | I53: 132 | J53: 0 | K53: The customer unable to get internet. The line is up but when cheeked in Home NCE, it doesn't give me speed result, appreciate your support | L53: 33123883 | M53: Appointment 12/04/2026@anytime We contacted the customer, and he informed us that he is unable to use the internet. He has tested the connection on both 2.4G and 5G Wi-Fi, as well as via LAN cable, but the issue persists. We also attempted to reset the devices; however, the problem remains unresolved. The customer has requested a team visit for further inspection. Rx Optical Power (dBm) = -20.41 | N53: GPON Service Assurance | O53: Batelco | P53: 46124.774 | Q53: 46124.899 | R53: 46124.857 | S53: 0.082083333 | T53: within | V53: 17611213 | W53: Resolved | X53: No Issue found on site visit | Z53: As per our visit regarding the no browsing issue, we checked the connection end-to-end and verified line stability and RX power; everything was found to be normal. During our inspection, we identified that the customer’s ONT was configured in bridge mode by the service provider, and the customer did not have the PPPoE username and password required to configure their own router. For testing purposes, we temporarily reconfigured the ONT to PPPoE mode and confirmed that the internet was working properly from our side. After verification, we reverted the ONT back to bridge mode. The customer will follow up with the ISP to obtain the necessary credentials and complete their router configuration. | AC53: Damaged | AJ53: Not required
A54: 46125 | B54: Rajesh | C54: Controller Yasser | D54: 20072983 | E54: ESSENTIAL_300M_60M | F54: ROW | G54: 1033 | H54: 3355 | I54: 2006 | J54: 0 | K54: The customer is experiencing slow internet speeds and a temporary cable extension was installed because he has a building project and wants to reroute the cable as it is causing him damage. Malkiya H;2006 R:3355 B:1033 | L54: 33659596 | M54: Appointment 13/04/2026@Anytime Customer said that there is issue with his cables and he need the team to fix it Rx Optical Power (dBm) = -18.41 | N54: GPON Service Assurance | O54: Batelco | P54: 46125.401 | Q54: 46125.526 | R54: 46125.872 | S54: 0.47101852 | T54: within | V54: 17630186 | W54: Resolved | X54: No Issue found on site visit | Z54: As per our visit for the internet slowness issue, we checked the connection speed through both LAN and WiFi, and the speed was found to be normal. During our inspection, we identified that the customer was only using the 2.4 GHz WiFi band, and no devices were connected to the 5 GHz band. We reconfigured the 5 GHz WiFi and provided the updated credentials to the customer. After connecting to the 5 GHz network, the customer is now receiving speed as per the subscribed package. Additionally, the customer requested to migrate the line underground, as new construction has started in front of the house, which may lead to possible cable damage. Upon checking, there is currently no civil provision available for underground installation at this location. Kindly inform the concerned team for further action regarding the customer’s request | AA54: Non-Genuine Ticket | AC54: damaged | AJ54: Not required
A55: 46125 | B55: Mohsin | C55: Controller Waqas | D55: 20073021 | E55: ESSENTIAL_300M_60M | F55: BUD | G55: 582 | H55: 96 | I55: 350 | J55: 509 | K55: TT 1-245948879405 cm is disputing that he is unable to receive signals in his room. | L55: 33999488 | M55: Appointment 13/04/2026@anytime We contacted the customer, and he reported experiencing slow browsing and weak Wi-Fi signal. He has requested a team visit to check and resolve the issue. | N55: GPON Service Assurance | O55: STC | P55: 46125.592 | Q55: 46125.592 | R55: 46125.696 | S55: 0.10431713 | T55: within | V55: WBS_772257_1 | W55: Resolved | X55: No Issue found on site visit | Z55: Customer facing wifi coverage issue his BedRoom ...on visit we found ont location to Customer room long distance, advice to customer contact service provider for proper WiFi access point installation..... Line is working fine.. | AA55: Non-Genuine Ticket | AJ55: Not required
A56: 46125 | B56: Rajesh | C56: Controller Waqas | D56: 20073023 | E56: ESSENTIAL_300M_60M | F56: BUD | G56: 583 | H56: 8305 | I56: 425 | J56: 0 | K56: costumer face disconnection with the fiber as sometimes it turns to hsi and sometimes the router turn off | L56: 39835305 | M56: Appointment 13/04/2026@anytime called customer and customer said he is facing disconnection issue .customer said send a team to check the issue. some time router turned off automatically | N56: GPON Service Assurance | O56: Batelco | P56: 46125.598 | Q56: 46125.722 | R56: 46125.673 | S56: 0.075069444 | T56: within | V56: 21009344 | W56: Resolved | X56: Customer Related Issue | Y56: Customer Internal Network Issue | Z56: As per our visit regarding the disconnection issue, we checked the connection end-to-end and verified line stability and RX power; everything is normal. During our inspection, we found that the internal FTB was using an SC UPC tube connector, which could potentially cause instability. We removed the connector and completed a pigtail fusion splice. We performed ping tests through both LAN and WiFi, and no disconnection was observed. Speed tests were also conducted multiple times via LAN and WiFi, with speeds achieved as per the subscribed package. The customer is experiencing WiFi coverage issues in some areas of the premises. We recommended contacting the service provider to install additional WiFi access points. From our side, everything is working fine and no issues were found. | AA56: Non-Genuine Ticket | AJ56: Not required
A57: 46125 | B57: Rajesh | C57: Controller Yasser | D57: 20073064 | E57: ESSENTIAL_300M_60M | F57: BUD | G57: 450 | H57: 5031 | I57: 975 | J57: 0 | K57: LOS | L57: 36005199 | M57: Appointment 13/04/2026@anytime called customer and customer said there is red light on the router LOS | N57: GPON Service Assurance | O57: Batelco | P57: 46125.784 | Q57: 46125.909 | R57: 46125.824 | S57: 0.03912037 | T57: within | V57: WBS_320676_1 | W57: Resolved | X57: GPON_Damage_by_Customer | Y57: Re-inserted Patch Cord Correctly | Z57: Patch cord Re-inserted properly in internal ftb cause by customer kids accidentally.. Now line restored | AC57: damaged | AJ57: Not required
A58: 46126 | B58: Rajesh | C58: Controller Aditi | D58: 20073039 | E58: ESSENTIAL_300M_60M | F58: BUD | G58: 507 | H58: 724 | I58: 1505 | J58: 0 | K58: LOS | L58: 36330566 | M58: Last mile splitter high RX.. Kindly transfer to concern department, Our customer spare #8 Splitter corner of House 3479 Appointment 13/04/2026@anytime called customer and customer said there is red light on the router Offline | N58: GPON Service Assurance | O58: Batelco | P58: 46125.672 | Q58: 46125.796 | R58: 46126.426 | S58: 0.75371528 | T58: within | U58: Maintenance Delayed | V58: WBS_264799_1 | W58: Resolved | X58: issue resloved by passive fiber faults | Y58: issue resloved by passive fiber faults | Z58: issue resloved by passive fiber faultsLast mile splitter high RX.. Kindly transfer to concern department, Our customer spare #8 Splitter corner of House 3479 Appointment 13/04/2026@anytime called customer and customer said there is red light on the router Offline | AJ58: Not required
A59: 46126 | B59: mohsin | C59: Controller Yasser | D59: 20073131 | E59: ESSENTIAL_750M_375M | F59: HAM | G59: 1009 | H59: 101 | I59: 394 | J59: 6 | K59: Dear Team Customer have 40 BD plan but he is complaining about dropped speed PFA | L59: 33208829 | M59: Appointment 14/04/2026@anytime customer is saying they have speed issue and they need the team to visit and check | N59: GPON Service Assurance | O59: STC | P59: 46126.571 | Q59: 46126.571 | R59: 46126.657 | S59: 0.085497685 | T59: within | V59: WBS_32495_1 | W59: Resolved | X59: No Issue found on site visit | Z59: As per our visit regarding the speed issue. We checked the RX power; all parameters normal. As per customer package speed is 750/350 we Check speed also getting as per package..But customer saying package. Is 1Gb / 500 inform to customer check with service provider | AC59: Damaged | AJ59: Not required
A60: 46127 | B60: Mohsin | C60: Controller Esra | D60: 20073157 | E60: ESSENTIAL_300M_60M | F60: SAR | G60: 523 | H60: 2308 | I60: 171 | J60: 1 | K60: Dear Bnet. The customer noticed that the speed was not stable, up and down Also, he noticed there is a big drop in the laptop | L60: 33699877 | M60: Appointment 15/04/2026 before 4 pm called customer and customer after configuration also same issue speed is only 90 mbps with the lan cable.he wants a team to check We called the customer and he told us that he is facing speed issue and we checked the line is working normal we make re-configuration for the line and the customer ask to call him tomorrow after 12 to check the line | N60: GPON Service Assurance | O60: STC | P60: 46126.721 | Q60: 46126.721 | R60: 46127.639 | S60: 0.91833333 | T60: within | V60: WBS_765465_1 | W60: Resolved | X60: No Issue found on site visit | Z60: On our visit regarding speed issue we checked the connection end-to-end and verified RX power levels. All parameters were found to be normal and we check our ont speed also normal as per customer package no fault found | AA60: Non Genuine | AJ60: Not required
A61: 46127 | B61: Mohsin | C61: Controller Yasser | D61: 20073187 | E61: ESSENTIAL_300M_60M | F61: BUD | G61: 538 | H61: 3849 | I61: 1735 | J61: 12 | K61: Customer receiving speed 203.307 Mbit/s , check the attachment | L61: 36565877 | M61: Appintment 15/04/2026 after 3 pm called customer and customer said she is getting only 200 mbps speed and attachment is there for the speed test .she wants a team to check the issue Rx Optical Power (dBm) = -19.39 | N61: GPON Service Assurance | O61: Batelco | P61: 46126.956 | Q61: 46127.081 | R61: 46127.752 | S61: 0.79684028 | T61: within | V61: WBS_272668_1 | W61: Resolved | X61: No Issue found on site visit | Z61: During our visit regarding the speed and coverage issue, we checked the connection end-to-end and verified the RX power levels. All parameters were found to be normal. We also tested the ONT speed, which was as per the customer’s subscribed package. No fault was found. | AJ61: Not required
A62: 46127 | B62: Mohsin | C62: Controller Esra | D62: 20073225 | E62: ESSENTIAL_300M_60M | F62: BUD | G62: 582 | H62: 8204 | I62: 431 | J62: 1238 | K62: customer yellow wire is not adjusted she needs wiring adjustments visit | L62: 34088211 | M62: App:15/4/2026- open time As per Customer Patch cord not fixed properly need a team to visit and check | N62: GPON Service Assurance | O62: Batelco | P62: 46127.464 | Q62: 46127.588 | R62: 46127.54 | S62: 0.076481481 | T62: within | V62: WBS_772066_1 | W62: Resolved | X62: GPON_Damage_by_Customer | Y62: Re-inserted Patch Cord Correctly | Z62: Internal ftb Pigtail removed by customer carpenter....pigtail rearrange properly now line working fine | AC62: Damaged | AJ62: Not required
A63: 46127 | B63: Bilal | C63: Controller Esra | D63: 20073242 | E63: ESSENTIAL_300M_60M | F63: SAR | G63: 575 | H63: 27 | I63: 148 | J63: 2 | K63: Red LOS | L63: 38241752 | M63: Appointment 15/04/2026@Anytime called customer said that he's expereincing disconnection even after remote configuration was done | N63: GPON Service Assurance | O63: STC | P63: 46127.529 | Q63: 46127.529 | R63: 46127.656 | S63: 0.12769676 | T63: within | V63: WBS_770853_1 | W63: Resolved | X63: No Issue found on site visit | Z63: customer complained about the disconnection during our visit we checked the line end-to-end and found there the rx power is a normal level and stable we checked the ont with speed tests in both LAN and Wi-Fi both working as per the customer package also performed the ping test .. from our side everything is working properly | AJ63: Not required
A64: 46127 | B64: Bilal | C64: Controller Yasser | D64: 20073266 | E64: ESSENTIAL_1G_500M | F64: BUD | G64: 575 | H64: 77 | I64: 167 | J64: 43 | K64: LOS Red light on ONT. | L64: 38115558 | M64: Appointment 15/04/2026@Anytime called customer said there is red light on the router But line is showing working normal in our system | N64: GPON Service Assurance | O64: Batelco | P64: 46127.613 | Q64: 46127.738 | R64: 46127.8 | S64: 0.18721065 | T64: within | V64: WBS_716338_1 | W64: Resolved | X64: No Issue found on site visit | Z64: As per our visit, no LOS was detected. We checked the line and confirmed that the power levels are normal. However, the customer’s package is ESSENTIAL_1G_500M, while he is only receiving ESSENTIAL_500M_250M speeds. We attempted to replace the ONT, but the issue was not resolved. We also checked with 196, and they confirmed that the package has already been updated from their side. | AC64: Damaged | AJ64: Not required
S65: 0
S66: 0
S67: 0
S68: 0
S69: 0
S70: 0
S71: 0
S72: 0
S73: 0
S74: 0
S75: 0
S76: 0
... S23055: 0

Sheet Non-Genuine Ticket Tracker 
A1: Ticket_Number | B1: Date_Ticket_Created | C1: Date_Ticket_Closed | D1: Contractor_Name | E1: Area_Location | F1: LO_Operator | G1: Customer_Name | H1: Customer_Contact | I1: Customer_Contacted | J1: Call_Date | K1: Call_Time | L1: Communication_Method | M1: Troubleshooting_Conducted | N1: Issue_Description | O1: Actions_Taken | P1: Issue_Resolved_On_Call | Q1: Final_Ticket_Status | R1: Visit_Appointment_Date | S1: Customer_Confirmation | T1: Reason_Non_Genuine | U1: Additional_Remarks | V1: Technician_Confirmation | W1: Compliance_Status | X1: BNET_Remarks
A2: 20060977 | B2: 46092 | C2: 46093 | D2: Whitepearls | E2: BUD | F2: STC | G2: - | H2: 38560002 | I2: Yes | J2: 46093 | K2: 0.56180556 | L2: Phone | M2: Yes | N2: Slow Browing | O2: Reconfigured | P2: Yes | Q2: Non-Genuine | R2: - | S2: Yes | T2: No Issue Found Remotely | U2: Add Full Details | V2: No | W2: Will be Filled By BNET | X2: Will be Filled By BNET
A3: 20060766 | B3: 46092 | C3: 46093 | D3: Whitepearls | E3: RIF | F3: Zain | G3: - | H3: 38560002 | I3: Yes | J3: 46093 | K3: 0.57638889 | L3: Phone | M3: Yes | N3: Diconnection | O3: Reconfigured | P3: No | Q3: Converted to Visit | R3: 46093 | S3: Yes | T3: No Issue Found on Visit | U3: Add Full Details | V3: Yes | W3: Will be Filled By BNET | X3: Will be Filled By BNET
W4: Will be Filled By BNET | X4: Will be Filled By BNET
A5: 20069714 | B5: 46089.68 | C5: 46093.379 | D5: Whitepearls | E5: SAR | F5: Zain | G5: - | H5: 39365859 | I5: Yes | J5: 46093 | K5: 0.3665625 | L5: Phone | M5: Yes | N5: Slow Browing | O5: Reconfigured | P5: No | Q5: Converted to Visit | R5: 46093 | S5: Yes | T5: No Issue Found on Visit | U5: As per visit for internet disconnection issue, Bnet and Huawei technical team visited the customer premises. We checked the connection end-to-end and verified the configuration. A continuous ping test was performed for around 1 hour, and no disconnection was observed from our side. However, the customer still confirms that disconnections occur at different times during the day. Therefore, Bnet and Huawei team concluded to transfer the case to the ISP team to test the customer account or recreate a new internet account if required. From our side, the line and configuration are working normally. | V5: Yes | W5: Will be Filled By BNET | X5: Will be Filled By BNET
A6: 20070036 | B6: 46092.812 | C6: 46093.441 | D6: Whitepearls | E6: BUD | F6: Batelco | G6: - | H6: 97339699111 | I6: Yes | J6: 46093 | K6: 0.83375 | L6: Phone | M6: Yes | N6: Slow Browing | O6: Reconfigured | P6: No | Q6: Converted to Visit | R6: 46093 | S6: Yes | T6: ONT Faulty Replaced | U6: Ont replaced Q to F50 due to speed issue as customer package is 1GB which is not support in Q model New 48575443F09AAAB6 Old 485754432986FB9A | V6: Yes | W6: Will be Filled By BNET | X6: Will be Filled By BNET
A7: 20070057 | B7: 46092.996 | C7: 46093.457 | D7: Whitepearls | E7: BUD | F7: Batelco | G7: - | H7: 36660657 | I7: Yes | J7: 46093 | K7: 0.34427083 | L7: Phone | M7: Yes | N7: Diconnection | O7: Reconfigured | P7: No | Q7: Converted to Visit | R7: 46093 | S7: Yes | T7: Replaced Faulty SC/UPC Connector in OH FTB | U7: Blue connector damaged in OTB cause by environmental factors, replaced new | V7: Yes | W7: Will be Filled By BNET | X7: Will be Filled By BNET
A8: 20070054 | B8: 46092.981 | C8: 46093.506 | D8: Whitepearls | E8: NZA | F8: Batelco | G8: - | H8: 33448883 | I8: Yes | J8: 46093 | K8: 0.34645833 | L8: Phone | M8: Yes | N8: Slow Browing | O8: Reconfigured | P8: No | Q8: Converted to Visit | R8: 46093 | S8: Yes | T8: ONT Faulty Replaced | U8: ont faulty due to wifi 2.4G speed not getting as per the plan .... X6 to F50 ont replaced now line working fine New sno:48575443FBC6DBB6 Old sno:4857544352FB30AF | V8: Yes | W8: Will be Filled By BNET | X8: Will be Filled By BNET
A9: 20070049 | B9: 46092.93 | C9: 46093.548 | D9: Whitepearls | E9: ROW | F9: Batelco | G9: - | H9: 39262112 | I9: Yes | J9: 46093 | K9: 0.34847222 | L9: Phone | M9: Yes | N9: Slow Browing | O9: Reconfigured | P9: No | Q9: Converted to Visit | R9: 46093 | S9: Yes | T9: ONT Hard Reset | U9: Customer having problem with coverage issue on visit we found customer having wifi extender not connected to main ont reconfigure SSID onmain ont now customer extender also working fine ...coverage issue resolved...now line working fine | V9: Yes | W9: Will be Filled By BNET | X9: Will be Filled By BNET
A10: 20070045 | B10: 46092.904 | C10: 46093.54 | D10: Whitepearls | E10: BUD | F10: Batelco | G10: - | H10: 39754475 | I10: Yes | J10: 46093 | K10: 0.35708333 | L10: Phone | M10: Yes | N10: country region issue | O10: Reconfigured | P10: No | Q10: Converted to Visit | R10: 46093 | S10: Yes | T10: ONT Hard Reset | U10: As per visit, ONT was hard reset and reconfigured due to WiFi 5G not showing. After reconfiguration, the service has been restored and both WiFi bands are working normally. Line is stable and everything is working fine now. | V10: Yes | W10: Will be Filled By BNET | X10: Will be Filled By BNET
A11: 20070067 | B11: 46093.419 | C11: 46093.512 | D11: Whitepearls | E11: MSH | F11: Batelco | G11: - | H11: 97339092826 | I11: Yes | J11: 46093 | K11: 0.43319444 | L11: Phone | M11: Yes | N11: Slow Browing | O11: Reconfigured | P11: No | Q11: Converted to Visit | R11: 46093 | S11: Yes | T11: Patch Cord Damaged - Replaced | U11: As per our visit for the disconnection issue, we checked the connection end-to-end and found that the patch cord inside the table area was slightly bent by the customer. We replaced it with a new patch cord. After replacement, we checked the connection through ping test and performed speed tests via both Wi-Fi and LAN. Everything is working fine and stable from our side. | V11: Yes | W11: Will be Filled By BNET | X11: Will be Filled By BNET
A12: 20070082 | B12: 46093.536 | C12: 46093.616 | D12: Whitepearls | E12: HAM | F12: Batelco | G12: - | H12: 38888813 | I12: Yes | J12: 46093 | K12: 0.54738426 | L12: Phone | M12: Yes | N12: Slow Browing | O12: Reconfigured | P12: No | Q12: Converted to Visit | R12: 46093 | S12: Yes | T12: SC/UPC Blue Connector Damaged in Internal FTB - Replaced | U12: Semplex damaged by customer we replaced semplex now line working fine | V12: Yes | W12: Will be Filled By BNET | X12: Will be Filled By BNET
A13: 20070197 | B13: 46095.227 | C13: 46095.771 | D13: Whitepearls | E13: AWA | F13: Batelco | G13: - | H13: 66666947 38322003 | I13: Yes | J13: 46095 | K13: 0.60902778 | L13: Phone | M13: Yes | N13: Diconnection | O13: Reconfigured | P13: No | Q13: Converted to Visit | R13: 46095 | S13: Yes | T13: No Issue Found on Visit | U13: No issue found on site visit - customer was unable to connect to 5g, on visit no issue found by team - after restart issue resolved for customer aswell. | V13: Yes | W13: Will be Filled By BNET | X13: Will be Filled By BNET
A14: 20070137 | B14: 46094.249 | C14: 46095.497 | D14: Whitepearls | E14: BUD | F14: Batelco | H14: 32121661 | I14: Yes | J14: 46094 | K14: 0.6637037 | L14: Phone | M14: Yes | N14: Slow Browing | O14: Reconfigured | P14: No | Q14: Converted to Visit | R14: 46095 | S14: Yes | T14: Customer related issue | U14: customer complaining about of the disconnection we checked end to end ont working properly maybe customer have issue from hes TV . over ont working fine.. | V14: Yes | W14: Will be Filled By BNET | X14: Will be Filled By BNET
A15: 20070179 | B15: 46094.917 | C15: 46095.671 | D15: Whitepearls | E15: JZR | F15: Batelco | H15: 39323113 | I15: Yes | J15: 46095 | K15: 0.53233796 | L15: Phone | M15: Yes | N15: Diconnection | O15: Reconfigured | P15: No | Q15: Converted to Visit | R15: 46095 | S15: Yes | T15: No Issue found on site visit | U15: As per our visit for the internet disconnection issue, we checked the connection end-to-end and verified the ONT. We performed multiple ping tests and checked line stability, and everything was found normal. No issue was detected from the ONT side. The customer mentioned that they sometimes experience disconnections. There are several internal devices connected to the ONT, such as CCTV equipment, which may affect the connection. From our side, the internet connection is working normally and no fault was found. | V15: Yes | W15: Will be Filled By BNET | X15: Will be Filled By BNET
A16: 20070139 | B16: 46094.45 | C16: 46095.48 | D16: Whitepearls | E16: SAR | F16: Batelco | H16: 34043143 | I16: Yes | J16: 46094 | K16: 0.66141204 | L16: Phone | M16: Yes | N16: LOS | O16: Reconfigured | P16: No | Q16: Converted to Visit | R16: 46095 | S16: Yes | T16: GPON_Optical_Network_Terminal_ONT | U16: Ont faulty not working at all replaced x6 to F50 New SN:48575443F099FEB6 Old SN:48575443205E21B3 | V16: Yes | W16: Will be Filled By BNET | X16: Will be Filled By BNET
A17: 20070219 | B17: 46095.547 | C17: 46095.571 | D17: Whitepearls | E17: HAM | F17: Batelco | H17: 39296405 | I17: Yes | J17: 46095 | K17: 0.56600694 | L17: Phone | M17: Yes | N17: LOS | O17: Reconfigured | P17: Yes | Q17: Non-Genuine | S17: Yes | T17: No Issue Found Remotely | U17: Profile Reconfigured - Hard Reset | V17: No | W17: Will be Filled By BNET | X17: Will be Filled By BNET
A18: 20069043 | B18: 46081.835 | C18: 46084.744 | D18: Whitepearls | E18: AAL | F18: Batelco | G18: - | H18: 33005352 | I18: Yes | J18: 46082 | K18: 0.60302083 | L18: Phone | M18: Yes | N18: The customer is experiencing internet outages for periods of time. | O18: Reconfigured | P18: No | Q18: Converted to Visit | R18: 46083 | S18: Yes | T18: No Issue found on site visit | U18: during over visit no technical issue found ont working properly. | V18: Yes | W18: Will be Filled By BNET | X18: Will be Filled By BNET
A19: 20069166 | B19: 46083.49 | C19: 46084.792 | D19: Whitepearls | E19: SAR | F19: Kalam | G19: - | H19: 33043523 | I19: Yes | J19: 46083 | K19: 0.62381944 | L19: Phone | M19: Yes | N19: we are not able to ping to the router through our TR069 system | O19: Reconfigured | P19: No | Q19: Converted to Visit | R19: 46083 | S19: Yes | T19: No Issue found on site visit | U19: As our visit we didn't found any issue from ont side, Internet is working fine, as customer facing issue with their internal connectivity not working from ont, our side line rx and speed tests all are fin | V19: Yes | W19: Will be Filled By BNET | X19: Will be Filled By BNET
A20: 20069230 | B20: 46083.942 | C20: 46084.845 | D20: Whitepearls | E20: NZA | F20: Batelco | G20: - | H20: 33448883 | I20: Yes | J20: 46084 | K20: 0.43677083 | L20: Phone | M20: Yes | N20: RX power-11 dBm | O20: Reconfigured | P20: No | Q20: Converted to Visit | R20: 46084 | S20: Yes | T20: No Issue found on site visit | U20: during the visit no technical issue found ont working properly | V20: Yes | W20: Will be Filled By BNET | X20: Will be Filled By BNET
A21: 20069273 | B21: 46084.737 | C21: 46084.726 | D21: Whitepearls | E21: ROW | F21: Batelco | G21: - | H21: 66339377 | I21: Yes | J21: 46084 | K21: 0.65831019 | L21: Phone | M21: Yes | N21: LOS - As per customer the internet keep on disconnecting the internet not stable and need checking by the bnet staff as per customer please check and take needed action customer prefers visit to his house to further investigate the root of the issue | O21: Reconfigured | P21: No | Q21: Converted to Visit | R21: 46085 | S21: Yes | T21: No Issue found on site visit | U21: During the visit the customer have ports switch and the switch was faulty. When the switch was connected with the ONT the ping became high. When it was removed the ONT started working normally. We removed the customer switch and connected the extended cable directly. After this the internet disconnection issue was resolved. | V21: Yes | W21: Will be Filled By BNET | X21: Will be Filled By BNET
A22: 20069106 | B22: 46082.782 | C22: 46088.485 | D22: Whitepearls | E22: ROW | F22: Batelco | G22: - | H22: 38383848 | I22: Yes | J22: 46082 | K22: 0.66795139 | L22: Phone | M22: Yes | N22: LOS | O22: Reconfigured | P22: No | Q22: Converted to Visit | R22: 46083 | S22: Yes | T22: No Issue found on site visit | U22: during the visit no technical issue was found ont working properly but customer said there is coming disconnection and customer is requsting to keep open the ticket -Line is under minitoring | V22: Yes | W22: Will be Filled By BNET | X22: Will be Filled By BNET
A23: 20069506 | B23: 46086.646 | C23: 46088.814 | D23: Whitepearls | E23: ROW | F23: Batelco | G23: - | H23: 38040007/33933043 | I23: Yes | J23: 46086 | K23: 0.68891204 | L23: Phone | M23: Yes | N23: customer said there is noisy sound inside the router | O23: Reconfigured | P23: No | Q23: Converted to Visit | R23: 46088 | S23: Yes | T23: No Issue found on site visit | U23: As per our visit to the customer premises regarding the complaint of a noisy sound from the ONT, we checked the connection end-to-end. After inspection, we confirmed that the noise is not coming from the ONT. The sound is coming from a TV receiver placed near the ONT which has an issue. We informed the customer and confirmed that the ONT is working properly. Internet speed was tested on both 2.4G and 5G WiFi, and everything is working fine as per the package. | V23: Yes | W23: Will be Filled By BNET | X23: Will be Filled By BNET
A24: 20069599 | B24: 46088.641 | C24: 46088.674 | D24: Whitepearls | E24: ROW | F24: Batelco | G24: - | H24: 39083308 | I24: Yes | J24: 46088 | K24: 0.5916088 | L24: Phone | M24: Yes | N24: Customer facing disconnection in internet please check the issue | O24: Reconfigured | P24: No | Q24: Converted to Visit | R24: 46088 | S24: Yes | T24: No Issue found on site visit | U24: During the visit no technical issue was found. The ONT is working normally. The customer has a Redbox installed upstairs which is quite far from the ONT and is connected through Wi-Fi. Due to this the customer is facing disconnection issues. The customer needs the Redbox to be connected with a proper Ethernet cable instead of Wi-Fi. | V24: Yes | W24: Will be Filled By BNET | X24: Will be Filled By BNET
A25: 20069630 | B25: 46088.797 | C25: 46089.84 | D25: Whitepearls | E25: DUM | F25: Batelco | G25: - | H25: 33105555 | I25: Yes | J25: 46088 | K25: 0.72590278 | L25: Phone | M25: Yes | N25: Customer facing issue disconnection many times a day and keep raising ticket and the issue not solved. kindly check | O25: Reconfigured | P25: No | Q25: Converted to Visit | R25: 46089 | S25: Yes | T25: No Issue found on site visit | U25: As our visit for Internet disconnection issue, we checked the line end to end and RX power is stable. We did not find any issue from our side. We performed ping test through LAN and both Wi-Fi bands (2.4G and 5G); everything is working fine and speed is getting as per the package. We noticed the customer is using multiple internal devices such as Wi-Fi access points, CCTV, and LAN switches. One of these devices may be causing the disconnection. We advised the customer to remove all internal connectivity and test the Internet directly from the ONT for at least 24 hours. Customer informed that the disconnection was happening every half hour earlier. He will perform the test during the weekend and provide feedback. From our side, everything is working fine | V25: Yes | W25: Will be Filled By BNET | X25: Will be Filled By BNET
A26: 20069749 | B26: 46090.233 | C26: 46090.72 | D26: Whitepearls | E26: ROW | F26: Batelco | G26: - | H26: 39848229 | I26: Yes | J26: 2026-03-09 09 | K26: 0.6125 | L26: Phone | M26: Yes | N26: Customer facing dosconnected for his router and he been called us many time today regard his issue | O26: Reconfigured | P26: No | Q26: Converted to Visit | R26: 46090 | S26: Yes | T26: No Issue found on site visit | U26: As per our visit for the disconnection issue, we checked the customer line end-to-end and verified line stability. Everything is working fine and speed is as per the package. We also performed a ping test and no disconnection was found. Customer mentioned issue with their TV, which is not near the ONT and is connected through a WiFi extender. We advised the customer to connect the TV directly to the ONT WiFi or use a LAN cable from the ONT for better stability. From our side, everything is working fine and no issue was found. | V26: Yes | W26: Will be Filled By BNET | X26: Will be Filled By BNET
A27: 20069798 | B27: 46090.739 | C27: 46090.815 | D27: Whitepearls | E27: ROW | F27: Batelco | G27: - | H27: 39360000 | I27: Yes | J27: 46090 | K27: 0.62971065 | L27: Phone | M27: Yes | N27: Internet Keeps Disconnecting Every 10 Minutes Kindly Check If There Is Any Issue | O27: Reconfigured | P27: No | Q27: Converted to Visit | R27: 46090 | S27: Yes | T27: No Issue found on site visit | U27: As per our visit for the disconnection issue, we checked the connection end-to-end and verified line stability. RX power is stable. We performed ping tests through LAN, 2.4G, and 5G, and did not find any disconnection. Internet speed and connectivity are working fine. No fault found from the ONT side. | V27: Yes | W27: Will be Filled By BNET | X27: Will be Filled By BNET
A28: 20069846 | B28: 46091.266 | C28: 46091.681 | D28: Whitepearls | E28: ROW | F28: Batelco | G28: - | H28: 39865544 | I28: Yes | J28: 46091 | K28: 0.4112963 | L28: Phone | M28: Yes | N28: disconnection repeated issue | O28: Reconfigured | P28: No | Q28: Converted to Visit | R28: 46091 | S28: Yes | T28: No Issue found on site visit | U28: As per our visit, we checked the line stability end to end. The internal FTB is connected with pigtail splice and the external FTB cable is connected with direct fusion splice. The line is stable and RX power is normal. We tested the connection speed through LAN and WiFi and also performed a ping test for disconnection, but no issue was found during our visit. The customer claims that the line gets disconnected 3–4 times daily and he is not satisfied with the old ONT. We explained to him that since no issue was found with the ONT, it cannot be replaced. From our side, everything is working fine. | V28: Yes | W28: Will be Filled By BNET | X28: Will be Filled By BNET
A29: 20069843 | B29: 46091.226 | C29: 46092.828 | D29: Whitepearls | E29: ROW | F29: Batelco | G29: - | H29: 39408300/39894881 | I29: Yes | J29: 46091 | K29: 0.4215162 | L29: Phone | M29: Yes | N29: disconnection | O29: Reconfigured | P29: No | Q29: Converted to Visit | R29: 46092 | S29: Yes | T29: No Issue found on site visit | U29: Customer face internet disconnection problem in first floor bed room weak wifi signal but ont available ground floor majlis room. we advised the customer to contact the service provider to install a Wi-Fi access point for better signal | V29: Yes | W29: Will be Filled By BNET | X29: Will be Filled By BNET
A30: 20069828 | B30: 46090.876 | C30: 46091.718 | D30: Whitepearls | E30: ITN | F30: Batelco | G30: - | H30: 39437445 | I30: Yes | J30: 46091 | K30: 0.63327546 | L30: Phone | M30: Yes | N30: SAAS-Onsite Technical Support Our c customer experiencing intermittent voice configuration failures due to ONT sending incorrect authentication, causing IMS to blacklist the subscriber. This blocks all calls until manually removed, but the problem repeats. This issue is rooted in the ONT during the SIP authentication process, and corrective measures from the core network cannot resolve it. We kindly request you to coordinate with the ONT vendor — Huawei EchoLife HG8245W5 (Firmware: V5R020C00S415) — to: 1. Verify SIP digest authentication handling 2. Check for nonce/authentication vector reuse behavior 3. Perform a firmware upgrade, if available 4. Provide a permanent corrective solution Please prioritize this matter and provide updates on your progress. | O30: Reconfigured | P30: No | Q30: Converted to Visit | R30: 46091 | S30: Yes | T30: No Issue found on site visit | U30: During our visit our ONT was working properly and the internet was functioning. We tested the ONT using a test telephone and the telephone was also working fine. The customer has internal Ethernet and telephone lines so the issue might be on their side. (WiFi speed is not available as the customer is not using WiFi.) | V30: Yes | W30: Will be Filled By BNET | X30: Will be Filled By BNET
A31: 20069899 | B31: 46091.725 | C31: 46091.646 | D31: Whitepearls | E31: ROW | F31: Batelco | G31: - | H31: 39336226 | I31: Yes | J31: 46091 | K31: 0.61197917 | L31: Phone | M31: Yes | N31: The customer tries to access the Wi-Fi but always receives a "No Internet Connection" message. Malkiya H:3037 R:3248 B:1032 | O31: Reconfigured | P31: No | Q31: Converted to Visit | R31: 46091 | S31: Yes | T31: No Issue found on site visit | U31: As per our visit for the WiFi issue, we checked the connection from the ONT side and everything is working fine. All customer devices are connected through their own WiFi access point, which appears to be faulty. We advised the customer to connect directly to the main router until the issue with the WiFi access point is resolved. From our side, everything is working fine | V31: Yes | W31: Will be Filled By BNET | X31: Will be Filled By BNET
A32: 20069904 | B32: 46091.759 | C32: 46091.715 | D32: Whitepearls | E32: MSH | F32: Batelco | G32: - | H32: 39277559 | I32: Yes | J32: 46091 | K32: 0.64060185 | L32: Phone | M32: Yes | N32: LOS | O32: Reconfigured | P32: No | Q32: Converted to Visit | R32: 46091 | S32: Yes | T32: No Issue found on site visit | U32: During the visit no technical issue found,line is working fine | V32: Yes | W32: Will be Filled By BNET | X32: Will be Filled By BNET
A33: 20069935 | B33: 46091.957 | C33: 46092.69 | D33: Whitepearls | E33: ROW | F33: Batelco | G33: - | H33: 36212020 | I33: Yes | J33: 46091 | K33: 0.84537037 | L33: Phone | M33: Yes | N33: LOS // Customer reported router got wit from the AC kindly check and take needed action | O33: Reconfigured | P33: No | Q33: Converted to Visit | R33: 46092 | S33: Yes | T33: No Issue found on site visit | U33: On visit no fault found in ont customer facing problem with redox not working.....same inform to customer | V33: Yes | W33: Will be Filled By BNET | X33: Will be Filled By BNET
A34: 20069975 | B34: 46092.485 | C34: 46092.831 | D34: Whitepearls | E34: BUD | F34: Batelco | G34: - | H34: 34446881 | I34: Yes | J34: 46092 | K34: 0.51549769 | L34: Phone | M34: Yes | N34: Dear Team Customer plan is 15 Fiber Plan , and his GB is Unlimited but his speed dropped all the time PFA and assist please to fixed the speed | O34: Reconfigured | P34: No | Q34: Converted to Visit | R34: 46092 | S34: Yes | T34: No Issue found on site visit | U34: As per our visit for the disconnection issue, we checked the connection end-to-end from the ONT side and verified line stability. Everything is working normally and no issue was found from the ONT side. We also performed a ping test to check for disconnections and tested the speed through both WiFi and LAN. All results are normal and working as per the package. Our side everything is working fine. | V34: Yes | W34: Will be Filled By BNET | X34: Will be Filled By BNET
A35: 20069980 | B35: 46092.625 | C35: 46092.823 | D35: Whitepearls | E35: BUD | F35: Batelco | G35: - | H35: 36603062 | I35: Yes | J35: 46092 | K35: 0.55247685 | L35: Phone | M35: Yes | N35: customer facing slow internet kindly check attachment | O35: Reconfigured | P35: No | Q35: Converted to Visit | R35: 46092 | S35: Yes | T35: No Issue found on site visit | U35: We check end to end not found any issue ont working fine power also ok customer want new ONT and customer will call service provider on visit | V35: Yes | W35: Will be Filled By BNET | X35: Will be Filled By BNET
A36: 20069995 | B36: 46092.577 | C36: 46092.795 | D36: Whitepearls | E36: BUD | F36: Batelco | G36: - | H36: 39993767 | I36: Yes | J36: 46092 | K36: 0.62646991 | L36: Phone | M36: Yes | N36: TR69 connectivity | O36: Reconfigured | P36: No | Q36: Converted to Visit | R36: 46092 | S36: Yes | T36: No Issue found on site visit | U36: During our visit we found that the ONT was working properly. The customer had high internal activity on the red boxes. The issue was that the red boxes were connected to the 5G network while some of the customer devices support only 2.4G. Therefore we manually configured three red boxes and after that the customer issue was resolved. | V36: Yes | W36: Will be Filled By BNET | X36: Will be Filled By BNET
A37: 20069714 | B37: 46089.68 | C37: 46093.379 | D37: Whitepearls | E37: SAR | F37: Zain | G37: - | H37: 39365859 | I37: Yes | J37: 46092 | K37: 0.63883102 | L37: Phone | M37: Yes | N37: Customer insist that the same issue persists and not solved on visit also refer to 20068443 & 20068483 & 20068584 & 20068691 The customer is experiencing internet disconnections on both LAN and Wi-Fi. We checked the internal patch cord and FTB box, and the Rx power is -11.71 dBm, which is within the normal range. We performed ping tests on both Wi-Fi and LAN and also experienced disconnections with packet loss. We changed the Wi-Fi name and advised the customer to monitor the connection for one day on both Wi-Fi and LAN. We informed the customer to record videos and take screenshots if the issue continued. Today, we contacted the customer again, and he confirmed that the same problem is still occurring. | O37: Reconfigured | P37: No | Q37: Converted to Visit | R37: 46092 | S37: Yes | T37: No Issue found on site visit | U37: As per visit for internet disconnection issue, Bnet and Huawei technical team visited the customer premises. We checked the connection end-to-end and verified the configuration. A continuous ping test was performed for around 1 hour, and no disconnection was observed from our side. However, the customer still confirms that disconnections occur at different times during the day. Therefore, Bnet and Huawei team concluded to transfer the case to the ISP team to test the customer account or recreate a new internet account if required. From our side, the line and configuration are working normally. | V37: Yes | W37: Will be Filled By BNET | X37: Will be Filled By BNET
A38: 20069937 | B38: 46091.847 | C38: 46095.783 | D38: Whitepearls | E38: ROW | F38: Batelco | G38: - | H38: 36096161/36686585 | I38: Yes | J38: 46093 | K38: 0.6271875 | L38: Phone | M38: Yes | N38: ONT issue, it keeps disconnected many times for 5mins and back to normal again, maybe 5 times a day or more, customer requests a visit from technician team to check the router if it needs to be fixed or replaced. please check, if possible, to arrange with the customer for a visit. | O38: Reconfigured | P38: No | Q38: Converted to Visit | R38: 46093 | S38: Yes | T38: No Issue found on site visit | U38: As per our visit for the disconnection issue, we checked the connection end-to-end and verified RX power stability. We also performed a ping test to check for any disconnections, and everything was working fine. Speed tests were conducted from the ONT through both LAN and Wi-Fi, and the results were as per the subscribed package. We observed that the customer is using one Wi-Fi access point on the 1st floor, which is not in a good coverage area from the ONT. We recommended the customer use a LAN cable connection for the access point to ensure better stability. | V38: Yes | W38: Will be Filled By BNET | X38: Will be Filled By BNET
A39: 20070303 | B39: 46096.409 | C39: 46096.498 | D39: Whitepearls | E39: ROW | F39: Batelco | G39: - | H39: 39617627 | I39: Yes | J39: 46096 | K39: 46096 | L39: Phone | M39: Yes | N39: LOS | O39: Reconfigured | P39: No | Q39: Converted to Visit | R39: 46096 | S39: Yes | T39: No Issue found on site visit | U39: we have received complaint about the disconnection during the visit no technical issue was found ont working properly customer have issue from tp link extenders.. | V39: Yes | W39: Will be Filled By BNET | X39: Will be Filled By BNET
A40: 20070264 | B40: 46095.775 | C40: 46096.467 | D40: Whitepearls | E40: BUD | F40: Zain | G40: - | H40: 32325252 | I40: Yes | J40: 46096 | K40: 0.87253472 | L40: Phone | M40: Yes | N40: During the visit, we checked the customer internet was working fine. The RX power was -21.32 dBm, and the patch cord was also in good condition. We could not access the ONT settings because someone had changed the ONT access password. We checked the RX power using a fiber power meter. The customer reported that the internet sometimes works and sometimes shows a red LOS. We inspected all cables from the ONT to the termination box in the garage and found a joint in the cable. However, we could not reach the joint because there was water and mud due to the rain. The external cables also need to be fixed. | O40: Reconfigured | P40: No | Q40: Converted to Visit | R40: 46096 | S40: Yes | T40: Mechanical Connector damaged in External FTB - Replaced | U40: Customer facing internet disconnection issue.. We found in internal ftb tube connecter and ext ftb mechanical connecter....replaced mechanical and tube in internal and ext ftb and, used fusion splice, sleeve and pigtail now line working fine | V40: Yes | W40: Will be Filled By BNET | X40: Will be Filled By BNET
A41: 20070268 | B41: 46095.923 | C41: 46096.579 | D41: Whitepearls | E41: ROW | F41: Batelco | G41: - | H41: 66642211 | I41: Yes | J41: 46095 | K41: 0.85021991 | L41: Phone | M41: Yes | N41: customer complain from drop in speed requist to replace the ONT | O41: Reconfigured | P41: No | Q41: Converted to Visit | R41: 46095 | S41: Yes | T41: ONT Faulty Replaced | U41: For speed issue complaint, ONT was replaced from W5 to F50 as customer package is 750/375 Mbps. Old ONT 5G WiFi was not providing full speed and maximum speed was around 600 Mbps. After replacing with new ONT, tested speed through WiFi and now getting around 730 Mbps, which is as per package. During our visit customer also complained about speed drops while gaming on PlayStation and experiencing ping issues. For ping/latency related issues, customer was informed to contact the service provider to check from their side. New ONT SN: 48575443F09A38B6 Old ONT SN: 4857544353C338A4. | V41: Yes | W41: Will be Filled By BNET | X41: Will be Filled By BNET
A42: 20070246 | B42: 46095.655 | C42: 46096.719 | D42: Whitepearls | E42: RJR | F42: STC | G42: - | H42: 36646555 | I42: Yes | J42: 46096 | K42: 0.59513889 | L42: Phone | M42: Yes | N42: We are unable to change the wifi password for both networks. Please change the password to 36646555 and confrim with the customer Kindly assist. | O42: Reconfigured | P42: Yes | Q42: Non-Genuine | S42: Yes | T42: Configured LAN Port | U42: Changed password and confirmed with customer its ok now | V42: No | W42: Will be Filled By BNET | X42: Will be Filled By BNET
A43: 20070302 | B43: 46096.406 | C43: 46096.712 | D43: Whitepearls | E43: ITN | F43: STC | G43: - | H43: 36503515 | I43: Yes | J43: 46096 | K43: 0.59166667 | L43: Phone | M43: Yes | N43: Customer service is down. POC: 36503515 34635060 | O43: Reconfigured | P43: Yes | Q43: Non-Genuine | S43: Yes | T43: Configured LAN Port | U43: Reconfigured the line and it is working fine - confirmed with customer on call | V43: No | W43: Will be Filled By BNET | X43: Will be Filled By BNET
A44: 20070133 | B44: 46094.105 | C44: 46096.685 | D44: Whitepearls | E44: DUM | F44: Batelco | H44: 39969000 | I44: Yes | J44: 13 16:01 | L44: Phone | M44: Yes | N44: costumer router didnt have any light all of them are closed | Q44: Converted to Visit | R44: 46096 | S44: Yes | T44: Mechanical Connector damaged in External FTB - Replaced | U44: Blue connector removed and fusion spliced in external ftb due to the high rx power issue.. Line restored now | V44: Yes | W44: Will be Filled By BNET | X44: Will be Filled By BNET
A45: 20070275 | B45: 46095.834 | C45: 46096.774 | D45: Whitepearls | E45: ROW | F45: Zain | H45: 37773373 | I45: Yes | J45: 0.8553125 | L45: Phone | M45: Yes | N45: The overhead cable has been damaged due to contact with a tree. (environmental issues) | Q45: Converted to Visit | R45: 46096 | S45: Yes | T45: Replaced Faulty GPON Overhead Cable | U45: OH cable damaged caused by customer we repull the cable and tide up and use new sc/upc connector in ext OH ftb now line working fine and customer satisfied.. | V45: Yes | W45: Will be Filled By BNET | X45: Will be Filled By BNET
A46: 20070371 | B46: 46096.823 | C46: 46096.506 | D46: Whitepearls | E46: BUD | F46: Batelco | H46: 32112322 | I46: Yes | J46: 46096 | K46: 0.83126157 | L46: Phone | M46: Yes | N46: customer getting low speed. | O46: Reconfigured | P46: Yes | Q46: Converted to Visit | R46: 46096 | S46: Yes | T46: No Issue found on site visit | U46: As per our visit for the internet slow issue, we checked the connection end-to-end and tested the line speed multiple times through LAN and WiFi. We did not find any issue from the ONT side, and the speed is working as per the package. The customer reported slow internet in the upstairs room where his son is using a 5G CPE device. That room is not receiving proper WiFi coverage from the ONT. We informed the customer that if WiFi coverage is required in that room, they should contact the service provider to install a WiFi access point. From our side, everything is working fine | V46: Yes | W46: Will be Filled By BNET | X46: Will be Filled By BNET
A47: 20070378 | B47: 46096.852 | C47: 46096.506 | D47: Whitepearls | E47: BUD | F47: Batelco | H47: 34028444 | I47: Yes | J47: 46096 | K47: 15 20:49:58 | L47: Phone | M47: Yes | N47: LOS | O47: Reconfigured | P47: Yes | Q47: Non-Genuine | S47: Yes | T47: Configured LAN Port | U47: Profile Reconfigured - Hard Reset | V47: Yes | W47: Will be Filled By BNET | X47: Will be Filled By BNET
A48: 20069116 | B48: 46082.799 | C48: 46084.788 | D48: Whitepearls | E48: BUD | F48: Batelco | H48: 32217040 | I48: Yes | J48: 46083 | K48: 0.47204861 | L48: Phone | M48: Yes | N48: ONT is on but shows off in TR69 | O48: Reconfigured | P48: No | Q48: Converted to Visit | R48: 46084.788 | S48: Yes | T48: ONT Faulty Replaced | U48: Old ont auto reboot faulty replaced X6 to F50 now line working fine New ont Sno: 48575443F09743B6 Old Sno: 485754431E9886B3 | V48: Yes | W48: Will be Filled By BNET | X48: Will be Filled By BNET
A49: 20069159 | B49: 46083.585 | C49: 46084.849 | D49: Whitepearls | E49: SAR | F49: Batelco | H49: 33044775 | I49: Yes | J49: 46083 | K49: 0.52145833 | L49: Phone | M49: Yes | N49: 33044775 | O49: Reconfigured | P49: No | Q49: Converted to Visit | R49: 46084.849 | S49: Yes | T49: Patch Cord Damaged - Replaced | U49: Patch cord damaged by customer, replaced new | V49: Yes | W49: Will be Filled By BNET | X49: Will be Filled By BNET
A50: 20069197 | B50: 46083.759 | C50: 46084.801 | D50: Whitepearls | E50: ROW | F50: Batelco | H50: 39609200 | I50: Yes | J50: 46083 | K50: 0.64043981 | L50: Phone | M50: Yes | N50: Refer To SR-26022149085 Customer Still Facing Same Issue And Requesting BNET Technicians To Resolve It | O50: Reconfigured | P50: No | Q50: Converted to Visit | R50: 46084.801 | S50: Yes | T50: ONT Faulty Replaced | U50: ont faulty wifi speed not coming properly and with lan cable not working at all replaced w5 to X6 now line working fine Old SN:485754436876C3A6 NewSN:48575443CEB4A5AE | V50: Yes | W50: Will be Filled By BNET | X50: Will be Filled By BNET
A51: 20069243 | B51: 46084.519 | C51: 46084.683 | D51: Whitepearls | E51: BUD | F51: Batelco | H51: 33350232 | I51: Yes | J51: 46084 | K51: 0.43771991 | L51: Phone | M51: Yes | N51: LOS | O51: Reconfigured | P51: No | Q51: Converted to Visit | R51: 46084.683 | S51: Yes | T51: Power Adaptor Replaced | U51: Ont power adapter faulty, replaced new | V51: Yes | W51: Will be Filled By BNET | X51: Will be Filled By BNET
A52: 20069529 | B52: 46086.868 | C52: 46088.733 | D52: Whitepearls | E52: DUM | F52: Batelco | H52: 36900670 | I52: Yes | J52: 46086 | K52: 0.87561343 | L52: Phone | M52: Yes | N52: as customer said the ont keep disconnection , every time , kindly cheek and he requested to change the ont | O52: Reconfigured | P52: No | Q52: Converted to Visit | R52: 46088.733 | S52: Yes | T52: ONT Faulty Replaced | U52: During the visit no technical issue was found and the ONT was working properly. However the customer requested to change the ONT and said he would break the ONT and cancel the line if it was not replaced. Therefore as per the customer request we replaced the ONT from Q to X6. New SN:48575443599210AF Old SN:4857544343889891 | V52: Yes | W52: Will be Filled By BNET | X52: Will be Filled By BNET
A53: 20069600 | B53: 46088.645 | C53: 46088.649 | D53: Whitepearls | E53: BUD | F53: Batelco | H53: 39800164 | I53: Yes | J53: 46088 | K53: 0.58537037 | L53: Phone | M53: Yes | N53: Internet not Working. Please refer to the attachment. | O53: Reconfigured | P53: No | Q53: Converted to Visit | R53: 46088.649 | S53: Yes | T53: Power Adaptor Replaced | U53: Power adapter faulty replaced Power adapter and port configuration also | V53: Yes | W53: Will be Filled By BNET | X53: Will be Filled By BNET
A54: 20069773 | B54: 46090.61 | C54: 46092.871 | D54: Whitepearls | E54: BUD | F54: Batelco | H54: 66757121 | I54: Yes | J54: 46090 | K54: 0.5850463 | L54: Phone | M54: Yes | N54: customer facing slow internet and disconnecting | O54: Reconfigured | P54: No | Q54: Converted to Visit | R54: 46092.871 | S54: Yes | T54: Mechanical Connector damaged in External FTB - Replaced | U54: As per our visit for Internet issue, we checked the connection end-to-end including line stability and ONT. We did not find any issue from the ONT side. However, we found that the connectors on the external FTB and internal FTB might be causing the issue. Therefore, we removed the SC-UPC connector on the external FTB side and completed fusion splicing. On the internal FTB side, we installed a pigtail with fusion splicing. Also, customer is using a Wi-Fi extender with the same SSID name. We explained to the customer to connect directly from the main ONT to monitor if any disconnection occurs. Now the connection is stable and everything is working properly from our side | V54: Yes | W54: Will be Filled By BNET | X54: Will be Filled By BNET
A55: 20069817 | B55: 46090.866 | C55: 46090.812 | D55: Whitepearls | E55: ROW | F55: Batelco | H55: 33301886 | I55: Yes | J55: 46090 | K55: 0.76545139 | L55: Phone | M55: Yes | N55: the customer pressed the reset button on the router the internet is disconnected | O55: Reconfigured | P55: No | Q55: Converted to Visit | R55: 46090.812 | S55: Yes | T55: ONT Faulty Replaced | U55: ONT faulty wifi not showing we reset also but same we replaced W5 to W5 now line working fine New ont SN:4857544311A009A9 Old ont SN :485754435E8950AC | V55: Yes | W55: Will be Filled By BNET | X55: Will be Filled By BNET
A56: 20069998 | B56: 46092.58 | C56: 46092.818 | D56: Whitepearls | E56: BUD | F56: Batelco | H56: 33335621 | I56: Yes | J56: 46092 | K56: 0.61997685 | L56: Phone | M56: Yes | N56: ONT keeps disconnecting every few hours, Customer requests a visit from technician team to check the router if it needs to be fixed or replaced. everything shown normal in tr69 but as customer said that maybe the ONT is damaged. kindly check and support. | O56: Reconfigured | P56: No | Q56: Converted to Visit | R56: 46092.818 | S56: Yes | T56: ONT Faulty Replaced | U56: Ont faulty, always Restarting.. Replaced X6 to F50.. Note: due to service provider technical issue Internet speed not working properly New 48575443F0970EB6 Old SN 48575443D2FA58AE | V56: Yes | W56: Will be Filled By BNET | X56: Will be Filled By BNET
A57: 20070067 | B57: 46093.543 | C57: 46093.512 | D57: Whitepearls | E57: MSH | F57: Batelco | H57: 39092826 | I57: Yes | J57: 46093 | K57: 0.43319444 | L57: Phone | M57: Yes | N57: Customer is facing a slow internet connection, and she requests a visit to check the router she said it is from 2019 and the speed is not stable maybe it needs to be replaced please check and support. | O57: Reconfigured | P57: No | Q57: Converted to Visit | R57: 46093.512 | S57: Yes | T57: Patch Cord Damaged - Replaced | U57: As per our visit for the disconnection issue, we checked the connection end-to-end and found that the patch cord inside the table area was slightly bent by the customer. We replaced it with a new patch cord. After replacement, we checked the connection through ping test and performed speed tests via both Wi-Fi and LAN. Everything is working fine and stable from our side. | V57: Yes | W57: Will be Filled By BNET | X57: Will be Filled By BNET
A58: 20070163 | B58: 46094.717 | C58: 46095.696 | D58: Whitepearls | E58: BUD | F58: Batelco | H58: 37773020 | I58: Yes | J58: 46095 | K58: 0.42340278 | L58: Phone | M58: Yes | N58: ont keep disconnection refer to the attachment | O58: Reconfigured | P58: No | Q58: Converted to Visit | R58: 46095.696 | S58: Yes | T58: Power Adaptor Replaced | U58: Power adapter was faulty. It has been replaced with a new one and the line is now working fine. The customer was complaining about disconnection but there was no actual disconnection. The router was automatically restarting due to the faulty power adapter. | V58: Yes | W58: Will be Filled By BNET | X58: Will be Filled By BNET
A59: 20070154 | B59: 46094.748 | C59: 46095.707 | D59: Whitepearls | E59: BUD | F59: Batelco | H59: 33932333 | I59: Yes | J59: 46094 | K59: 0.65195602 | L59: Phone | M59: Yes | N59: RX power-22 dBm | O59: Reconfigured | P59: No | Q59: Converted to Visit | R59: 46095.707 | S59: Yes | T59: Patch Cord Bend Fixed | U59: We received the complaint regarding disconnection. During our visit we noted that the RX power was -22.45. After rearranging the patch cord the RX power improved to -19. Now the customer disconnection issue has been resolved. | V59: Yes | W59: Will be Filled By BNET | X59: Will be Filled By BNET
A60: 20070127 | B60: 46094.021 | C60: 46095.703 | D60: Whitepearls | E60: ROW | F60: Batelco | H60: 66335226 | I60: Yes | J60: 46094 | K60: 0.67288194 | L60: Phone | M60: Yes | N60: customer facing issue with internet and he is calling on daily basis and he request to arrange a visit | O60: Reconfigured | P60: No | Q60: Converted to Visit | R60: 46095.703 | S60: Yes | T60: ONT Faulty Replaced | U60: Customer says slow browning....on visit we found not getting 5G Speed in X6 ont ....speed issue replaced X6 to F50 ont now speed 5G , 2.4G and Eth now speed is normal.... New sno: 48575443FBA913B6 Old Sno:4857544344DB7EB3 | V60: Yes | W60: Will be Filled By BNET | X60: Will be Filled By BNET
A61: 20069075 | B61: 46082.449 | C61: 46082.795 | D61: Whitepearls | E61: NZA | F61: Batelco | H61: 34110089 | I61: Yes | J61: 46082.795 | K61: 0.79457176 | L61: Phone | M61: Yes | N61: Offline in TR | O61: Reconfigured | P61: Yes | Q61: Non-Genuine | S61: Yes | T61: Wi-Fi Network Reconfigured in NCE | U61: We called the customer and he informed that his line back normal Customer will call back once available As per customer's request I changed username and password. Customer will call back at 3PM Rx Optical Power (dBm) = -11.63 | V61: No | W61: Will be Filled By BNET | X61: Will be Filled By BNET
A62: 20069276 | B62: 46084.631 | C62: 46084.656 | D62: Whitepearls | E62: BUD | F62: Zain | H62: 39696470 | I62: Yes | J62: 46084.656 | K62: 0.65493056 | L62: Phone | M62: Yes | N62: The PON light is blinking on the ONT. Please repush the configuration remotely. | O62: Reconfigured | P62: Yes | Q62: Non-Genuine | S62: Yes | T62: Profile Reconfigured - Hard Reset | U62: Customer line was deleted and we make Reconfigured now line working normal | V62: No | W62: Will be Filled By BNET | X62: Will be Filled By BNET
A63: 20069282 | B63: 46084.774 | C63: 46084.667 | D63: Whitepearls | E63: BUD | F63: Batelco | H63: 37755372 | I63: Yes | J63: 46084.667 | K63: 0.6674537 | L63: Phone | M63: Yes | N63: Offline - device offline | O63: Reconfigured | P63: Yes | Q63: Non-Genuine | S63: Yes | T63: Profile Reconfigured - Hard Reset | U63: Customer line was deleted and we make Reconfigured now line working normal | V63: No | W63: Will be Filled By BNET | X63: Will be Filled By BNET
A64: 20069136 | B64: 46083.099 | C64: 46085.559 | D64: Whitepearls | E64: BUD | F64: Batelco | H64: 39665528 | I64: Yes | J64: 46083.099 | K64: 0.4503588 | L64: Phone | M64: Yes | N64: Customer reported he has been facing issue with internet router and customer prefers visit to his house to further investigate the root of the issue | O64: Reconfigured | P64: Yes | Q64: Converted to Visit | R64: 46085.559 | S64: Yes | T64: No Issue found on site visit | U64: As per our visit, we checked ONT end-to-end. ONT is working fine, both 2.4G and 5G WiFi are broadcasting properly, and speed test results are as per subscribed package. Customer informed that they are using their own WiFi extender and sometimes 5G is not showing on that device. We informed customer that the extender is not provided by Bnet, so this issue is not from our side. If required, customer may contact service provider for additional access point support. From our side, everything is working fine. | V64: Yes | W64: Will be Filled By BNET | X64: Will be Filled By BNET
A65: 20069312 | B65: 46085.105 | C65: 46085.534 | D65: Whitepearls | E65: BUD | F65: Batelco | H65: 36598989 | I65: Yes | J65: 46085.105 | K65: 0.37679398 | L65: Phone | M65: Yes | N65: No red LOS, fiber is offline. | O65: Reconfigured | P65: Yes | Q65: Converted to Visit | R65: 46085.534 | S65: Yes | T65: No Issue found on site visit | U65: As per our visit regarding Internet offline complaint, we did not find any issue from ONT side. Checked end-to-end from customer premises and ONT is working fine. Speed test result is as per subscribed package. Customer informed that in last few days they were facing slowness issue only. However, we reconfigured the ONT and tested again, everything is working fine from our side. Customer is using one WiFi extender on 1st floor, which may affect speed and stability. | V65: Yes | W65: Will be Filled By BNET | X65: Will be Filled By BNET
A66: 20069271 | B66: 46084.597 | C66: 46085.474 | D66: Whitepearls | E66: DUM | F66: Batelco | H66: 36230238 | I66: Yes | J66: 46084.597 | K66: 0.62412037 | L66: Phone | M66: Yes | N66: Internet is down, and we the Broadband router DOWN as well. Please send technician to fix it. | O66: Reconfigured | P66: Yes | Q66: Converted to Visit | R66: 46085.474 | S66: Yes | T66: No Issue found on site visit | U66: On visit Customer is using an FB1 firewall device. ONT was checked and found working properly. LAN Port 1 is connected but showing offline. The issue appears to be from the customer FB1 firewall or internal network configuration. speed test not available ont is on bridge mood | V66: Yes | W66: Will be Filled By BNET | X66: Will be Filled By BNET
A67: 20070309 | B67: 46096.462 | C67: 46097.569 | D67: Whitepearls | E67: HAM | F67: STC | H67: 34565295 | I67: Yes | J67: 46096 | K67: 0.76143519 | L67: Phone | M67: Yes | N67: Dear Team customer has UL plan, but his speed did not reach 100 MBPS PFA and assist | O67: Reconfigured | P67: No | Q67: Converted to Visit | R67: 46097 | S67: Yes | T67: ONT Faulty Replaced | U67: Customer says slow browning....on visit we found not getting 5G Speed in X6 ont ....speed issue replaced X6 to F50 ont now speed 5G , 2.4G and Eth now speed is normal.... New Sno:48575443FBC5B6B6 Old Sno:4857544344DCB2B3 | V67: Yes | W67: Will be Filled By BNET | X67: Will be Filled By BNET
A68: 20070349 | B68: 46096.622 | C68: 46097.755 | D68: Whitepearls | E68: BUD | F68: STC | H68: 33338499 | I68: Yes | J68: 46097.755 | K68: 0.69561343 | L68: Phone | M68: Yes | N68: Dear Team customer has issue with the speed, he connects directly with a cable PFA | O68: Reconfigured | P68: No | Q68: Converted to Visit | R68: 46097 | S68: Yes | T68: Customer related issue | U68: Customer facing low speed issue ...on visit we found, customer own eth cable problem. router to customer pc ....he will replace the cable line working fine | V68: Yes | W68: Will be Filled By BNET | X68: Will be Filled By BNET
A69: 20070383 | B69: 46096.889 | C69: 46097.76 | D69: Whitepearls | E69: MSH | F69: Batelco | H69: 39886433 | I69: Yes | J69: 46097.76 | K69: 0.76034722 | L69: Phone | M69: Yes | N69: always disconeected need to check at home | O69: Reconfigured | P69: No | Q69: Converted to Visit | R69: 46097 | S69: Yes | T69: SC/UPC Blue Connector Damaged in Internal FTB - Replaced | U69: External FTB has a blue connector and the internal FTB has a tube connector. Fusion splicing was done on both sides using sleeves and a pigtail. The line is now working fine | V69: Yes | W69: Will be Filled By BNET | X69: Will be Filled By BNET
A70: 20070021 | B70: 46092.667 | C70: 46095.58 | D70: Whitepearls | E70: BUD | F70: Batelco | H70: 33690980 | I70: Yes | J70: 46095.58 | K70: 0.38497685 | L70: Phone | M70: Yes | N70: it show offline at tr69 | O70: Reconfigured | P70: No | Q70: Converted to Visit | R70: 46097 | S70: Yes | T70: ONT Hard Reset | U70: Customer facing Internal disconnection ....Q router wifi some time reconnection showing. After given Ont hard reset now line working fine.... | V70: Yes | W70: Will be Filled By BNET | X70: Will be Filled By BNET
A71: 20070377 | B71: 46096.845 | C71: 46097.864 | D71: Whitepearls | E71: DUM | F71: Batelco | H71: 33878788 | I71: Yes | J71: 46097.864 | K71: 15 20:43:22 | L71: Phone | M71: Yes | N71: Customer facing disconnection many times in a day | O71: Reconfigured | P71: No | Q71: Converted to Visit | R71: 46097 | S71: Yes | T71: No Issue found on site visit | U71: As per our visit for Internet disconnection and slowness issue, we checked the connection end-to-end, verified line stability, and tested the speed multiple times through LAN and WiFi. The line is working fine and the speed is as per the package. We also performed a continuous ping test to check for disconnections, and no issue was found. Customer informed that the issue occurs in the daughter’s room while attending online training through an application. That area has weak WiFi coverage from the ONT. We recommended the customer arrange a WiFi access point or use a LAN cable for better connectivity to that PC. From our side, everything is working fine. | V71: Yes | W71: Will be Filled By BNET | X71: Will be Filled By BNET
A72: 20070452 | B72: 46097.607 | C72: 46098.46 | D72: Whitepearls | E72: BUD | F72: Batelco | H72: 39464611 | I72: Yes | J72: 46097 | K72: 0.7827662 | L72: Phone | M72: Yes | N72: the customer is keep calling that he is facing slow and bad connection with can you please visit him and chseck | O72: Reconfigured | P72: No | Q72: Converted to Visit | R72: 46098 | S72: Yes | T72: ONT Faulty Replaced | U72: As per our visit for internet disconnection and slowness issue we checked line end to end verified line stability but we checked speed 5G it's not getting properly We Replaced Ont Q2 to W5 we checked speed multiple time now line working normally New ONT Sn:48575443E05E39A6 Old ONT SN:4857544316BAB49F | V72: Yes | W72: Will be Filled By BNET | X72: Will be Filled By BNET
A73: 20070484 | B73: 46097.849 | C73: 46098.694 | D73: Whitepearls | E73: BUD | F73: Batelco | H73: 33863833 | I73: Yes | J73: 46098 | K73: 0.40028935 | L73: Phone | M73: Yes | N73: customer said he having disconnection and slowness too many times kindly could you check | O73: Reconfigured | P73: No | Q73: Converted to Visit | R73: 46098 | S73: Yes | T73: Customer network related issue | U73: Customer network related issue | V73: Yes | W73: Will be Filled By BNET | X73: Will be Filled By BNET
A74: 20070527 | B74: 46098.44 | C74: 46098.637 | D74: Whitepearls | E74: ROW | F74: STC | H74: 33029340 | I74: Yes | J74: 46098 | K74: 0.44851852 | L74: Phone | M74: Yes | N74: Dear Team Customer still complaining about disconnect issue all the time , and he already call you to fixed the issue PFA and assist | O74: Reconfigured | P74: No | Q74: Converted to Visit | R74: 46098 | S74: Yes | T74: No Issue found on site visit | U74: No Issue found on site visit | V74: Yes | W74: Will be Filled By BNET | X74: Will be Filled By BNET
A75: 20070548 | B75: 46098.58 | C75: 46098.76 | D75: Whitepearls | E75: MSH | F75: Batelco | H75: 33309055 | I75: Yes | J75: 46098 | K75: 0.6775463 | L75: Phone | M75: Yes | N75: LOS | O75: Reconfigured | P75: No | Q75: Converted to Visit | R75: 46098 | S75: Yes | T75: Replaced Faulty Internal Cable | U75: During our visit, no technical issue was found with our ONT, and it was working properly. The customer was experiencing an issue with the Cat6 cable. We replaced the 1-meter Cat6 cable, and now the line is working fine.” | V75: Yes | W75: Will be Filled By BNET | X75: Will be Filled By BNET
A76: 20070549 | B76: 46098.58 | C76: 46098.723 | D76: Whitepearls | E76: BUD | F76: Batelco | H76: 66330922 | I76: Yes | J76: 46098 | K76: 17 16:21:01 | L76: Phone | M76: Yes | N76: cut wire | O76: Reconfigured | P76: No | Q76: Converted to Visit | R76: 46098 | S76: Yes | T76: Patch Cord Damaged - Replaced | U76: Patch cord Re-inserted properly in ONT side, caused by customer accidentally, | V76: Yes | W76: Will be Filled By BNET | X76: Will be Filled By BNET
A77: 20070628 | B77: 46099.452 | C77: 46099.641 | D77: Whitepearls | E77: NZA | F77: Batelco | H77: 36666158 | I77: Yes | J77: 46099.641 | K77: 0.4778125 | L77: Phone | M77: Yes | N77: customer facing disconnection and unstable connection | O77: Reconfigured | P77: No | Q77: Converted to Visit | R77: 46099 | S77: Yes | T77: No Issue found on site visit | U77: Customer reported disconnection issue. During over visit we found slow browsing although speed test was OK. We tested with another ONT but issue remained same. Seems account-related issue. Please check from service provider side. | V77: Yes | W77: Will be Filled By BNET | X77: Will be Filled By BNET
A78: 20070609 | B78: 46099.003 | C78: 46099.668 | D78: Whitepearls | E78: NZA | F78: Batelco | H78: 35578776 | I78: Yes | J78: 46099.641 | K78: 0.48055556 | L78: Phone | M78: Yes | N78: Disconnection | O78: Reconfigured | P78: No | Q78: Converted to Visit | R78: 46099 | S78: Yes | T78: No Issue found on site visit | U78: As per our visit for the disconnection issue, we checked the connection end-to-end and confirmed that the line is stable with normal RX levels. Multiple ping tests were conducted to check for any disconnections, and speed tests were also performed several times via LAN and WiFi. All services are working properly, and no issue was found from our side. The customer reported high ping latency and disconnection while playing games on PlayStation. However, during our visit, no such issue was observed, and the connection was stable. | V78: Yes | W78: Will be Filled By BNET | X78: Will be Filled By BNET
A79: 20070601 | B79: 46099.057 | C79: 46099.711 | D79: Whitepearls | E79: NZA | F79: Batelco | H79: 66662632 | I79: Yes | J79: 46099 | K79: 0.38533565 | L79: Phone | M79: Yes | N79: Customer faicng connection issue (devices connected but without internet) , and speed showing : 385.522 Mbit/s , kindly check the attachment | O79: Reconfigured | P79: No | Q79: Converted to Visit | R79: 46099 | S79: Yes | T79: ONT Faulty Replaced | U79: Ont faulty wifi 5G speed not gatting as par customer package replaced Q2 to W5 now line working fine New SN:48575443E06B38A6 Old No:4857544316B8539F | V79: Yes | W79: Will be Filled By BNET | X79: Will be Filled By BNET
A80: 20070662 | B80: 46099.687 | C80: 46099.716 | D80: Whitepearls | E80: NZA | F80: Batelco | H80: 39755576 | I80: Yes | J80: 46099 | K80: 0.6197338 | L80: Phone | M80: Yes | N80: customer facing very slow internet and need to check or cancel the line if no solution | O80: Reconfigured | P80: No | Q80: Converted to Visit | R80: 46099 | S80: Yes | T80: No Issue found on site visit | U80: As per our visit for the disconnection issue, we checked the connection end-to-end and found the line stable with normal RX levels and no loss detected. Multiple ping tests were conducted to check for any disconnection, and no issue was found. Speed tests were also performed via both LAN and WiFi, and all services were working properly. The customer reported experiencing intermittent disconnection without any specific reason, and no LOS was observed. However, during our visit, the connection was stable and working normally with no faults detected from our side. | V80: Yes | W80: Will be Filled By BNET | X80: Will be Filled By BNET
A81: 20070478 | B81: 46097.93 | C81: 46099.813 | D81: Whitepearls | E81: ROW | F81: Batelco | H81: 37102021 | I81: Yes | J81: 46097.93 | K81: 0.82574074 | L81: Phone | M81: Yes | N81: refer to SR-26031429187 customer is still facing slowness issue. | O81: Reconfigured | P81: No | Q81: Converted to Visit | R81: 46099 | S81: Yes | T81: No Issue found on site visit | U81: The customer complained about slow internet. During our visit, we tested the connection using both a mobile phone and a laptop; speed and stability were found to be normal. The issue appears to be specific to the customer’s gaming experience, where they reported low speed. From our end, all services are working properly and the connection is stable. | V81: Yes | W81: Will be Filled By BNET | X81: Will be Filled By BNET
A82: 20070596 | B82: 46099.03 | C82: 46099.854 | D82: Whitepearls | E82: ROW | F82: Batelco | H82: 39539991 | I82: Yes | J82: 46099 | K82: 0.38628472 | L82: Phone | M82: Yes | N82: LOS | O82: Reconfigured | P82: No | Q82: Converted to Visit | R82: 46099 | S82: Yes | T82: ONT Faulty Replaced | U82: Ont faulty wifi 2.4G speed not gatting proper. replaced w5 to x6 now line working New SN:4857544344E70CB3 Old SN:4857544376997BA6 | V82: Yes | W82: Will be Filled By BNET | X82: Will be Filled By BNET

Sheet Daily Average Closing
A1: Date | B1: Target Hours | C1: Average Hours
A2: 46082 | B2: 9 | C2: 13 | H2: - | I2: Hours
A3: 46083 | B3: 9 | C3: 13 | H3: Target Hours | I3: 9
A4: 46084 | B4: 9 | C4: 13 | H4: Current Average Hours | I4: =AVERAGE(C2:C32) -> 12.363333
A5: 46085 | B5: 9 | C5: 13
A6: 46086 | B6: 9 | C6: 13
A7: 46087 | B7: 9 | C7: 13
A8: 46088 | B8: 9 | C8: 13 | K8: 1st | L8: not book apponitment
A9: 46089 | B9: 9 | C9: 13 | K9: 2nd | L9: customer not reachable 3 times
A10: 46090 | B10: 9 | C10: 13 | K10: 3rd | L10: same area ticket must be assigned | M10: 1
A11: 46091 | B11: 9 | C11: 11 | K11: 4th | L11: exceed if its on last hour | M11: 2
A12: 46092 | B12: 9 | C12: 7.2
A13: 46093 | B13: 9 | C13: 9.5
A14: 46094 | B14: 9 | C14: 21
A15: 46095 | B15: 9 | C15: 14
A16: 46096 | B16: 9 | C16: 10
A17: 46097 | B17: 9 | C17: 12.1 | L17: 48
A18: 46098 | B18: 9 | C18: 7.3
A19: 46099 | B19: 9 | C19: 13.44
A20: 46100 | B20: 9
A21: 46101 | B21: 9
A22: 46102 | B22: 9
A23: 46103 | B23: 9
A24: 46104 | B24: 9
A25: 46105 | B25: 9
A26: 46106 | B26: 9
A27: 46107 | B27: 9
A28: 46108 | B28: 9
A29: 46109 | B29: 9
A30: 46110 | B30: 9
A31: 46111 | B31: 9
A32: 46112 | B32: 9

Sheet  Data validation
A1: Ss
A2: Service Type (List) | B2: Exceeded KPI | C2: Status | D2: Resolved | E2: Rejected | F2: Resolved_Remotely | G2: Suspended | H2: Resolved(SAAS)
A3: GPON Last Mile Assurance | B3: Transfer Delayed | C3: Resolved | D3: GPON_Patch_Cord | E3: Customer Device Faulty | F3: Profile Reconfigured - Hard Reset | G3: Passive Fiber | H3: Customer realated issue
A4: GPON Service Assurance | B4: Reachability Issue | C4: Rejected | D4: GPON_SC_UPC_Connector | E4: Wireless Network Coverage Issue | F4: LAN Port Enabled - Bridge | G4: Passive Copper | H4: pakage
A5: Copper Service Assurance | B5: AN Planning | C5: Resolved_Remotely | D5: GPON_Damage_by_Customer | E5: No Issue found remotely | F5: Port Reset in NCE | G5: Plant Protection
B6: AN Plant Protection | C6: Appointment | D6: GPON_Fiber_Cable_Loose_Connection | E6: No Issue found on site visit | F6: Wi-Fi Network Reconfigured in NCE | G6: Planning & Design
B7: Active Network | C7: Unreachable | D7: GPON_Internal_Cable | E7: Customer network related issue | F7: Internet Speed Updated | G7: Active Network
B8: Transfer Delayed | C8: Suspended | D8: GPON_External_Cable | E8: The customer is unreachable | G8: Secondary cable fault
B9: Rescheduled Appointment | D9: GPON_Optical_Network_Terminal_ONT | E9: The customer requested to cancel the complaint
B10: system error | D10: GPON_Overhead_Cable | E10: Service Speed is at its maximum attainability
B11: Secondary cable fault | D11: Copper_MDF | E11: Other
D12: Copper_Wiring | E12: Missing information
D13: Customer_Related_Issue
D14: Fiber_Passive_Network
D15: Other
A16: GPON_Patch_Cord | B16: GPON_SC_UPC_Connector | C16: GPON_Damage_by_Customer | D16: GPON_Fiber_Cable_Loose_Connection | E16: GPON_Internal_Cable | F16: GPON_External_Cable | G16: GPON_Optical_Network_Terminal_ONT | H16: OH Fiber Cable | I16: Copper_MDF | J16: Copper_Cabinet | K16: Copper_Cable | L16: Copper_Wiring | M16: Customer_Related_Issue | N16: Fiber_Passive_Network
A17: Patch Cord Faulty/Broken - Replaced | B17: Replaced Faulty Tube SC/UPC Connector in External FTB | C17: Internal FTB Damaged - Replaced | D17: External Cable Reconnected in External FTB | E17: Replaced Faulty Internal Cable | F17: Replaced Faulty External Cable | G17: ONT Faulty Replaced | H17: Replaced Faulty GPON Overhead Cable | I17: Jumper Changed | J17: Jumper Changed | K17: D/S Joint (31RM) | L17: DW Cable Changed | M17: ADSL Router Reprogrammed | N17: PSF Changed
A18: Patch Cord APC Green Connector Replaced | B18: Replaced Faulty SC/UPC Connector External FTB | C18: External FTB Damaged - Replaced | D18: OH Cable Reconnected in OH FTB | E18: Switch the connection to another fiber | F18: Switch the connection to another fiber | G18: ONT Hard Reset | H18: Fixed Damaged Overhead Cable | I18: Loose Connection Fixed in MDF | J18: Loose Connection Fixed In Cabinet | K18: D/S joint (Ped-Cap) | L18: DW Pairs Changed | M18: Customer Device Configured | N18: Resplicied in 1:4 splitter
A19: Patch Cord Connector Cleaned | B19: Replaced Faulty Tube SC/UPC Connector in Internal FTB | C19: SC/UPC Blue Connector Damaged in External FTB - Replaced | D19: External Cable Recpliced in Splitter 1:8 | G19: ONT Port Cleaned | H19: Overhead Cable Tide up | I19: Lose connection (Jumper Fixed) | K19: D/Side pair Changed | L19: DW Tide up | M19: Arranged Customers Internal Cabling | N19: Resplicied in 1:8 splitter
A20: Replaced Faulty SC/UPC Connector in OH FTB | B20: Patch Cord SC/UPC Blue Connector Replaced | C20: SC/UPC Blue Connector Damaged in Internal FTB - Replaced | D20: Internal Cable Reconnected in Internal FTB | G20: Power Adaptor Replaced | H20: Overhead Cable Removed | I20: Port Changed | K20: D/side Pair Refurbished In DP | L20: LJU/Master Changed | M20: Cord Wire Replaced | N20: Cable Damaged Changed
A21: Patch Cord Bend Fixed | B21: Cleaned SC/UPC Connector in Internal FTB | C21: Patch Cord SC/APC Green Connector Damaged - Replaced | D21: Internal Cable Reconnected in External FTB | G21: Wi-Fi Configured | K21: D/side Pair Refurbished In Joint | L21: Loose Connection Fixed in LJU | M21: Filter Replaced | N21: Resplicied in 1 : 4 Splitter
A22: Patch Cord SC/UPC Blue Connector Replaced | B22: Cleaned SC/UPC Connector in External FTB | C22: Mechanical Connector damaged in External FTB - Replaced | G22: protection box | K22: E/side (XAGA) | L22: PVC Pair Changed | N22: Resplicied in 1 : 8 Splitter
A23: Re-inserted Patch Cord Correctly | B23: Cleaned SC/UPC Connector in OH FTB | C23: Mechanical Connector damaged in External FTB - Replaced | K23: E/Side pair Changed | L23: PVC Tide up | N23: Resplicied in main joint
B24: SC/UPC Connector Loose Connection Fixed in Internal FTB | C24: SC/UPC Connector Loose Connection Fixed in Internal FTB | K24: loose Connection Fixed In DP | L24: PVC Wire Changed
C25: Fiber Internal Cable Damaged- Replaced | K25: Pair changed between two joints | L25: Removed Drop Wire
C26: Fiber External Cable Damaged
C27: Patch Cord Damaged - Replaced
C28: SC/UPC Connector Loose Connection Fixed in External FTB | D28: arge
C29: Re-inserted Patch Cord Correctly
C30: SC/UPC Blue Connector Faulty in Internal FTB - Replaced

Sheet Sheet22
A1: Ticket No | B1: Creation Date/Time | C1: Close Date/Time | D1: E2E Duration/hr (Automated) | E1: KPI Status (Automated) | F1: Reason (If Exceeded) | G1: Circuit | H1: Contractor | I1: Exceeded KPI reason
A2: 20069186 | B2: 46083 | C2: 46085 | D2: 50 | E2: Exceeded KPI | G2: WBS_744087_1 | H2: White Pearl | I2: Security situation
A3: 20069183 | B3: 46083 | C3: 46085 | D3: 52 | E3: Exceeded KPI | G3: 17600468 | H3: White Pearl | I3: Security situation
A4: 20069175 | B4: 46083 | C4: 46085 | D4: 52 | E4: Exceeded KPI | G4: 21010783 | H4: White Pearl | I4: Security situation
A5: 20069165 | B5: 46083 | C5: 46085 | D5: 54 | E5: Exceeded KPI | G5: 17590270 | H5: White Pearl | I5: Security situation
A6: 20069163 | B6: 46083 | C6: 46085 | D6: 51 | E6: Exceeded KPI | G6: 17675472 | H6: White Pearl | I6: Security situation
A7: 20069136 | B7: 46083 | C7: 46085 | D7: 59 | E7: Exceeded KPI | G7: WBS_319886_1 | H7: White Pearl | I7: Security situation
A8: 20069126 | B8: 46082 | C8: 46085 | D8: 64 | E8: Exceeded KPI | G8: WBS_769743_1 | H8: White Pearl | I8: Security situation
A9: 20069117 | B9: 46082 | C9: 46085 | D9: 71 | E9: Exceeded KPI | G9: 17483652 | H9: White Pearl | I9: Security situation
A10: 20069109 | B10: 46082 | C10: 46084 | D10: 49 | E10: Exceeded KPI | G10: WBS_413423_1 | H10: White Pearl | I10: Security situation
A11: 20069107 | B11: 46082 | C11: 46084 | D11: 49 | E11: Exceeded KPI | G11: 17264062 | H11: White Pearl | I11: Security situation
A12: 20069101 | B12: 46082 | C12: 46084 | D12: 49 | E12: Exceeded KPI | G12: WBS_321458_1 | H12: White Pearl | I12: Security situation
A13: 20069098 | B13: 46082 | C13: 46084 | D13: 52 | E13: Exceeded KPI | G13: WBS_379465_1 | H13: White Pearl | I13: Security situation
A14: 20069086 | B14: 46082 | C14: 46084 | D14: 57 | E14: Exceeded KPI | G14: WBS_697230_1 | H14: White Pearl | I14: Security situation
A15: 20069073 | B15: 46082 | C15: 46085 | D15: 81 | E15: Exceeded KPI | G15: WBS_399622_1 | H15: White Pearl | I15: Security situation
A16: 20069068 | B16: 46082 | C16: 46084 | D16: 55 | E16: Exceeded KPI | G16: 21009519 | H16: White Pearl | I16: Reachability Issue
A17: 20069060 | B17: 46081 | C17: 46085 | D17: 89 | E17: Exceeded KPI | G17: WBS_751999_1 | H17: White Pearl | I17: Security situation
A18: 20069053 | B18: 46081 | C18: 46085 | D18: 86 | E18: Exceeded KPI | G18: 21029989 | H18: White Pearl | I18: Security situation
A19: 20069052 | B19: 46081 | C19: 46084 | D19: 69 | E19: Exceeded KPI | G19: 21010132 | H19: White Pearl | I19: Security situation
A20: 20069044 | B20: 46081 | C20: 46085 | D20: 90 | E20: Exceeded KPI | G20: 21007523 | H20: White Pearl | I20: Security situation
A21: 20069043 | B21: 46081 | C21: 46084 | D21: 70 | E21: Exceeded KPI | G21: WBS_348543_1 | H21: White Pearl | I21: Security situation
A22: 20069042 | B22: 46081 | C22: 46085 | D22: 93 | E22: Exceeded KPI | G22: WBS_397327_1 | H22: White Pearl | I22: Security situation
A23: 20069031 | B23: 46081 | C23: 46083 | D23: 51 | E23: Exceeded KPI | G23: WBS_395658_1 | H23: White Pearl | I23: Security situation
A24: 20069015 | B24: 46081 | C24: 46083.796 | D24: 194 | E24: Exceeded KPI | G24: 17596704 | H24: White Pearl | I24: Maintenance team
A25: 20068920 | B25: 46079 | D25: 235 | E25: Exceeded KPI | G25: WBS_250308_1 | H25: White Pearl | I25: Maintenance team
A26: 20068844 | B26: 46079 | D26: 246 | E26: Exceeded KPI | G26: WBS_769214_1 | H26: White Pearl | I26: Maintenance team
A27: 20068815 | B27: 46078 | C27: 46081 | D27: 67 | E27: Exceeded KPI | G27: WBS_712363_1 | H27: White Pearl | I27: Rescheduled Appointment
A28: 20068805 | B28: 46078 | C28: 46084 | D28: 143 | E28: Exceeded KPI | G28: WBS_700222_1 | H28: White Pearl | I28: Monitoring
A29: 20068691 | B29: 46077 | D29: 286 | E29: Exceeded KPI | G29: WBS_419885_1 | H29: White Pearl | I29: Monitoring
A30: 20068660 | B30: 46077 | C30: 46083 | D30: 147 | E30: Exceeded KPI | G30: WBS_769149_1 | H30: White Pearl | I30: Monitoring
A31: 20068557 | B31: 46076 | D31: 313 | E31: Exceeded KPI | G31: WBS_745538_1 | H31: White Pearl | I31: Maintenance team
A32: 20068263 | B32: 46073 | C32: 46075 | D32: 49 | E32: Exceeded KPI | G32: 21018008 | H32: White Pearl | I32: Reachability Issue
A33: 20068218 | B33: 46072 | C33: 46075 | D33: 66 | E33: Exceeded KPI | G33: WBS_376040_1 | H33: White Pearl | I33: Maintenance team
A34: 20068180 | B34: 46072 | C34: 46075 | D34: 70 | E34: Exceeded KPI | G34: WBS_346838_1 | H34: White Pearl | I34: Maintenance team
A35: 20068166 | B35: 46072 | C35: 46075 | D35: 71 | E35: Exceeded KPI | G35: WBS_735424_1 | H35: White Pearl | I35: Maintenance team
A36: 20068135 | B36: 46071 | C36: 46074 | D36: 66 | E36: Exceeded KPI | G36: WBS_681415_1 | H36: White Pearl | I36: Reachability Issue
A37: 20067846 | B37: 46069 | C37: 46071 | D37: 54 | E37: Exceeded KPI | G37: WBS_708213_1 | H37: White Pearl | I37: Monitoring
A38: 20067541 | B38: 46066 | C38: 46072 | D38: 146 | E38: Exceeded KPI | G38: 17700827 | H38: White Pearl | I38: Reachability Issue
A39: 20067512 | B39: 46065 | C39: 46069 | D39: 87 | E39: Exceeded KPI | G39: 17443090 | H39: White Pearl | I39: Reachability Issue
A40: 20067392 | B40: 46064 | C40: 46067 | D40: 71 | E40: Exceeded KPI | G40: 17792167 | H40: White Pearl | I40: Reachability Issue
A41: 20067206 | B41: 46062 | C41: 46064 | D41: 49 | E41: Exceeded KPI | G41: WBS_768056_1 | H41: White Pearl | I41: Rescheduled Appointment
A45: 20069210
A46: 20068920
A47: 20069205
A48: 20068557
A49: 20068844
A50: 20069015
A51: 20069200
A52: 20069203

Sheet  REPORTS
A1: White Pearls Communication
B3: 46098 | F3: Assurance Update
F4: =B3 -> 46098
B5: End of the Day Performance Report | F5: Total Received | G5: =SUM(G6:G8) -> 0 | J5: Appointment
F6: Resolved | G6: =D8 -> 0 | J6: Unreachable
B7: Department | C7: Category | D7: Quantity | F7: Rejected | G7: =D9 -> 0 | J7: HOLD
C8: Resolved | D8: =COUNTIFS('March 2026'!A:A,B3,'March 2026'!Z:Z,J10) -> 0 | F8: pending | G8: =D14 -> 0 | J8: Rejected
C9: Rejected | D9: =COUNTIFS('March 2026'!A:A,B3,'March 2026'!Z:Z,J8) -> 0 | J9: Resolved
C10: Appointment | D10: =COUNTIFS('March 2026'!A:A,B3,'March 2026'!Z:Z,J5) -> 0 | J10: Resolved
C11: Unreachable | D11: =COUNTIFS('March 2026'!A:A,B3,'March 2026'!Z:Z,J6) -> 0 | J11: Monitoring
C12: HOLD | D12: =COUNTIFS('March 2026'!A:A,B3,'March 2026'!Z:Z,J7) -> 0
C13: Monitoring | D13: =COUNTIFS('March 2026'!A:A,B3,'March 2026'!Z:Z,J11) -> 0
C14: Pending ticket in the basket | D14: =SUM(D10:D13) -> 0
C15: Total Received | D15: =SUM(D8,D9,D14) -> 0
C16: Replaced ONT's | D16: 4
C17: SLA | D17: 7

Sheet HOLD
A1: Appointment Date | B1: Creationdate/time | C1: Team | D1: Controller | E1: Package | F1: Exchange | G1: Block | H1: Road | I1: Bldg | J1: Flat | K1: Fault Description | L1: Mobile | M1: Description | N1: Service Type (List) | O1: LO Name (List) | P1: Ticket No | Q1: Case service reques number-Email | R1: Assigned Date/Time | S1: Close Date/Time | T1: Reported date to maintenance | U1: Resolution date by maintenance | V1: SLA From creation time | W1: KPI Status (Automated) | X1: Reason (If Exceeded) | Y1: Circuit | Z1: Status | AA1: Root Cause | AB1: Resolution (List) | AC1: Resolution Description | AD1: ONT | AE1: SN OLD ONT | AF1: New SN No As Per NCE | AG1: ONT Protection Box | AH1: Call log | AI1: Pre Visit | AJ1: Ticket Form | AK1: Acceptance Form
A2: 46023 | B2: 45997.9 | C2: Hold | D2: Controller Yasser | E2: ESSENTIAL_500M_250M | F2: NZA | G2: 1216 | H2: 1632 | I2: 1874 | J2: 0 | L2: 39992970 | M2: We visited the customer because the internet was not working on mobile phones or laptops. We reset the router and deleted and reconfigured the internet line from the controller, but the internet was still not working. We checked with the service provider and they confirmed that the internet was showing normal on their system. In our system also, the internet was showing as working, but at the customer site there was no internet. We replaced the router to check if the issue was from the device, but the problem remained the same | N2: GPON Service Assurance | O2: Batelco | P2: 20061115 | R2: 45997.9 | Y2: 17761347 | Z2: Hold | AC2: We visited the customer because the internet was not working on mobile phones or laptops. We reset the router and deleted and reconfigured the internet line from the controller, but the internet was still not working. We checked with the service provider and they confirmed that the internet was showing normal on their system. In our system also, the internet was showing as working, but at the customer site there was no internet. We replaced the router to check if the issue was from the device, but the problem remained the same

Sheet ValidationExchange
A1: Action | B1: Fault Type | C1: LO | D1: LO
C2: Zain | D2: Zain | E2: Achieved | F2: Reachability
A3: GPON Last Mile Assurance | C3: ViaCloud | D3: ViaCloud | E3: Failed | F3: Appointment
A4: GPON Service Assurance | C4: STC | D4: STC | F4: Monitoring
A5: Copper Service Assurance | C5: Rapid | D5: Rapid | F5: Infrastructure Issues
A6: Closed Remotely | C6: Nuetel | D6: Nuetel | F6: Monitoring
A7: Monitoring | C7: North Star | D7: North Star
A8: Appointment | C8: Kalaam | D8: Kalaam
C9: Infonas | D9: Infonas
A10: Rejected | C10: Etisalcom | D10: Etisalcom
A11: Customer Not Reachable | C11: Batelco | D11: Batelco | F11: Resolved
A12: Unreachable | F12: NEW_X6
F13: Resolved_Remotely
A15: HOLD
A30: Ticket: | B30: 5745396 | D30: GPON | E30: Areas | F30: Copper | G30: Areas
A31: Circuit: | B31: 17420185 | D31: HAM | E31: Hamala | F31: BIC | G31: BIC
A32: DP Number: | B32: 392 | D32: LZI | E32: Lawzi | F32: DUM | G32: DUMISTAN
A33: DP Pair Number: | B33: 27 | D33: NZA | E33: Nuzha | F33: HAM | G33: HAMALA
A34: Cabinet Number: | B34: ROW009 | D34: ROW | E34: Rowda | F34: HAM | G34: HAMALA SOUTH
A35: D/S number: | B35: 176 | D35: DUM | E35: Dumistan | F35: JZR | G35: JAZ A'AIR | I35: TRANSFER - CRM
A36: E/S number: | B36: 127 | D36: JZR | E36: Jazair | F36: LZI | G36: LAWZI | I36: HOR-RIF- ABM-MHQ-HIDFRMC 1(Transword)
D37: ZLQ | E37: Zallaq | F37: NZA | G37: NUZHA | I37: SEF - MAN - QUD - CEN - NIT - RMN - MHZ - JUF - KMS - DPT - SBS - FRMC 4(Ahlia)
D38: BUD | E38: Budaiya | F38: ROW | G38: ROWDHA | I38: ITN - SIA - JAW-RJR-MMRFRMC 2(Horizon)
D39: MSH | E39: Muqsha | F39: SAD | G39: SADAD
A40: If D- Side Secondary Fault | D40: SAR | E40: Sar | F40: SKR/ARP | G40: SAKEER AIRPORT
A41: If E-Side Primary Fault | F41: SKR | G41: SUKHIR
F42: WDI | G42: WADI
A43: Cable Faults Aerial Cable | B43: XA4 - South Plant | F43: ZLQ | G43: ZALLAQ
B44: XA4 - North Plant | F44: QRY | G44: QOURAYA | I44: Green - Delivered
F45: MSH | G45: MUQSHA | I45: Orange - Rejected
F46: SAR | G46: SAR | I46: Pink - MONITORING
F47: BRB | G47: BARBAR
F48: BOI | G48: BORDER ISLAND
F49: BUD | G49: BUDAIYA
H50: 108024
H51: 108033
H52: 108055
H53: 108200
A56: Power issue | B56: Passive Fiber Faults | C56: Assyst | G56: Ticket: | H56: 5744776
B57: Major Fiber Faults | C57: BSS | G57: Circuit: | H57: 17830217
A58: Infrastructure Issues | B58: Passive South & North Plant Protection | C58: Assyst | G58: DP Number: | H58: 1624 | I58: change E side up to cab line working fine. D Side faulty transfer to secondary cable fault team line going cab.RJR.4 E side. 396. D Side. 350 dp pair. 10
G59: DP Pair Number: | H59: 10
G60: Cabinet Number: | H60: RJR04
G61: D/S number: | H61: 350
G62: E/S number: | H62: 396

Sheet SAAS Tickes
A1: Action Date | B1: Creationdate/time | C1: Team | D1: Controller | E1: Package | F1: Exchange | G1: Block | H1: Road | I1: Bldg | J1: Flat | K1: Fault Description | L1: Mobile | M1: Description | N1: Service Type (List) | O1: LO Name (List) | P1: Ticket No | Q1: Assigned Date/Time | R1: Close Date/Time | S1: SLA From creation time | T1: KPI Status (Automated) | U1: Reason (If Exceeded) | V1: Circuit | W1: Status | X1: Root Cause | Y1: Resolution (List) | Z1: Resolution Description | AA1: ONT | AB1: SN NEW ONT | AC1: SN OLD ONT | AD1: SLA From Assigned time
A2: 46084 | B2: 46084.614 | C2: Bilal | D2: Controller Yasser | E2: ESSENTIAL_300M_60M | F2: ROW | G2: 1205 | H2: 512 | I2: 648 | J2: 0 | K2: LOS - As per customer the internet keep on disconnecting the internet not stable and need checking by the bnet staff as per customer please check and take needed action customer prefers visit to his house to further investigate the root of the issue | L2: 66339377 | M2: Appointment 04/03/2026@Call before visit We contacted the customer, and he informed us that he is experiencing internet disconnections. He has requested that the technical team visit his location to check and resolve the issue. We are currently unable to visit due to the present situation. Customer has already been informed. We will arrange the visit once the situation returns to normal | N2: GPON Service Assurance | O2: Batelco | P2: 20069273 | R2: 46084.737 | S2: 46084.726 | V2: =$S2-$B2 -> 0.11233796 | W2: Within KPI | Y2: 17422041 | Z2: Rejected | AA2: No Issue found on site visit | AC2: During the visit the customer have ports switch and the switch was faulty. When the switch was connected with the ONT the ping became high. When it was removed the ONT started working normally. We removed the customer switch and connected the extended cable directly. After this the internet disconnection issue was resolved. | AI2: FALSE | AJ2: FALSE | AK2: FALSE | AL2: FALSE
A3: 46084 | B3: 46081.835 | C3: Bilal | D3: Controller Yasser | E3: ESSENTIAL_300M_60M | F3: AAL | G3: 1205 | H3: 543 | I3: 2720 | J3: 0 | K3: The customer is experiencing internet outages for periods of time. | L3: 33005352 | M3: Appointment 02/03/2026@After 12 We contacted the customer, and he informed us that he is experiencing internet disconnections. He has requested that the technical team visit his location to check and resolve the issue. | N3: GPON Service Assurance | O3: Batelco | P3: 20069043 | R3: 46081.835 | S3: 46084.744 | V3: =$S3-$B3 -> 2.9089236 | W3: Within KPI | X3: hold due to the security situation | Y3: WBS_348543_1 | Z3: Rejected | AA3: No Issue found on site visit | AC3: during over visit no technical issue found ont working properly. | AH3: security situation | AI3: FALSE | AJ3: FALSE | AK3: FALSE | AL3: FALSE
A4: 46084 | B4: 46083.942 | C4: Bilal | D4: Controller Yasser | E4: ESSENTIAL_300M_60M | F4: NZA | G4: 1211 | H4: 1139 | I4: 2316 | J4: 0 | K4: RX power-11 dBm | L4: 33448883 | M4: As per customer, he is facing disconnections in his line .he wants a team to visit and check. Rx Optical Power (dBm) = -11.86 | N4: GPON Service Assurance | O4: Batelco | P4: 20069230 | R4: 46083.942 | S4: 46084.845 | V4: =$S4-$B4 -> 0.90304398 | W4: Within KPI | X4: hold due to the security situation | Y4: WBS_767345_1 | Z4: Rejected | AA4: No Issue found on site visit | AC4: during the visit no technical issue found ont working properly | AH4: security situation | AI4: FALSE | AJ4: FALSE | AK4: FALSE | AL4: FALSE
A5: 46088 | B5: 46088.516 | C5: Bilal | D5: Controller Yasser | E5: ESSENTIAL_300M_60M | F5: ROW | G5: 1236 | H5: 1212 | I5: 2118 | J5: 0 | K5: Customer facing disconnection in internet please check the issue | L5: 39083308 | M5: Appointment 07/03/2026@anytime. Customer facing disconnection issues and requested to send team Rx Optical Power (dBm) = -17.14 | N5: GPON Service Assurance | O5: Batelco | P5: 20069599 | R5: 46088.641 | S5: 46088.674 | V5: =$S5-$B5 -> 0.15792824 | W5: Within KPI | Y5: 17334597 | Z5: Rejected | AA5: No Issue found on site visit | AC5: During the visit no technical issue was found. The ONT is working normally. The customer has a Redbox installed upstairs which is quite far from the ONT and is connected through Wi-Fi. Due to this the customer is facing disconnection issues. The customer needs the Redbox to be connected with a proper Ethernet cable instead of Wi-Fi.
A6: 46088 | B6: 46086.646 | C6: Rajesh | D6: Controller Yasser | E6: ESSENTIAL_300M_60M | F6: ROW | G6: 1205 | H6: 525 | I6: 1606 | J6: 0 | K6: customer said there is noisy sound inside the router | L6: 38040007/33933043 | M6: Appointment 07/03/2026@evening called customer and cst said there is noisy inside the ONT Rx Optical Power (dBm) = -16.02 | N6: GPON Service Assurance | O6: Batelco | P6: 20069506 | R6: 46086.646 | S6: 46088.814 | V6: =$S6-$B6 -> 2.1677894 | W6: Exceeded KPI | X6: Reachability Issue | Y6: 17811626 | Z6: Rejected | AA6: No Issue found on site visit | AC6: As per our visit to the customer premises regarding the complaint of a noisy sound from the ONT, we checked the connection end-to-end. After inspection, we confirmed that the noise is not coming from the ONT. The sound is coming from a TV receiver placed near the ONT which has an issue. We informed the customer and confirmed that the ONT is working properly. Internet speed was tested on both 2.4G and 5G WiFi, and everything is working fine as per the package.
A7: 46089 | B7: 46088.672 | C7: Rajesh | D7: Controller Yasser | E7: ESSENTIAL_300M_60M | F7: DUM | G7: 752 | H7: 5224 | I7: 1153 | J7: 0 | K7: Customer facing issue disconnection many times a day and keep raising ticket and the issue not solved. kindly check | L7: 33105555 | M7: Appointment 08/03/2026@after iftar We contacted the customer, and he informed us that he is experiencing internet disconnections. He has requested that the technical team visit his location to check and resolve the issue. | N7: GPON Service Assurance | O7: Batelco | P7: 20069630 | R7: 46088.797 | S7: 46089.84 | V7: =$S7-$B7 -> 1.1680208 | W7: Within KPI | Y7: WBS_243081_1 | Z7: Rejected | AA7: No Issue found on site visit | AC7: As our visit for Internet disconnection issue, we checked the line end to end and RX power is stable. We did not find any issue from our side. We performed ping test through LAN and both Wi-Fi bands (2.4G and 5G); everything is working fine and speed is getting as per the package. We noticed the customer is using multiple internal devices such as Wi-Fi access points, CCTV, and LAN switches. One of these devices may be causing the disconnection. We advised the customer to remove all internal connectivity and test the Internet directly from the ONT for at least 24 hours. Customer informed that the disconnection was happening every half hour earlier. He will perform the test during the weekend and provide feedback. From our side, everything is working fine
A8: 46090 | B8: 46089.613 | C8: Bilal | D8: Controller Aditi | E8: ESSENTIAL_300M_60M | F8: BUD | G8: 518 | H8: 1817 | I8: 910 | J8: 0 | K8: customer facing low browsing, The customer is experiencing continuous disconnection issues and is requesting a home visit Service ID : 97317754348 | L8: 39157772 | M8: Appointment 09/03/2026@10 called the Customer and he is says very slow internet connection and disconnection and he need the team to visit and check | N8: GPON Service Assurance | O8: Batelco | P8: 20069709 | R8: 46086.638 | S8: 46090.506 | V8: =$S8-$B8 -> 0.89318287 | W8: Within KPI | Y8: 17754348 | Z8: Rejected | AA8: No Issue found on site visit | AC8: during over visit no technical issue was found ont working properly customer have tp link extender devices which supporting 100 Mbps with lan cable . so customer have issue from tp link extenders
A9: 46090 | B9: 46090.11 | C9: Rajesh | D9: Controller Yasser | E9: ESSENTIAL_300M_60M | F9: ROW | G9: 1207 | H9: 723 | I9: 1633 | J9: 0 | K9: Customer facing dosconnected for his router and he been called us many time today regard his issue | L9: 39848229 | M9: Appointment 09/03/26@Anytime We called the customer and he informed us that he is facing disconnection and he need the team to visit and check Last Up Time = 2026-03-09 03:05:17 Last Down Time = 2026-03-09 03:04:38 Last Down Cause = LOSi/LOBi | N9: GPON Service Assurance | O9: Batelco | P9: 20069749 | R9: 46090.233 | S9: 46090.72 | V9: =$S9-$B9 -> 0.61047454 | W9: Within KPI | Y9: 17260229 | Z9: Rejected | AA9: No Issue found on site visit | AC9: As per our visit for the disconnection issue, we checked the customer line end-to-end and verified line stability. Everything is working fine and speed is as per the package. We also performed a ping test and no disconnection was found. Customer mentioned issue with their TV, which is not near the ONT and is connected through a WiFi extender. We advised the customer to connect the TV directly to the ONT WiFi or use a LAN cable from the ONT for better stability. From our side, everything is working fine and no issue was found.
A10: 46090 | B10: 46090.627 | C10: Rajesh | D10: Controller Yasser | E10: ESSENTIAL_300M_60M | F10: ROW | G10: 1204 | H10: 420 | I10: 1327 | J10: 0 | K10: Internet Keeps Disconnecting Every 10 Minutes Kindly Check If There Is Any Issue | L10: 39360000 | M10: Appointment 09/03/26@Anytime We called the customer and he informed us that he is facing disconnection and he need the team to visit and check | N10: GPON Service Assurance | O10: Batelco | P10: 20069798 | R10: 46090.739 | S10: 46090.815 | V10: =$S10-$B10 -> 0.1884375 | W10: Within KPI | Y10: 17681759 | Z10: Rejected | AA10: No Issue found on site visit | AC10: As per our visit for the disconnection issue, we checked the connection end-to-end and verified line stability. RX power is stable. We performed ping tests through LAN, 2.4G, and 5G, and did not find any disconnection. Internet speed and connectivity are working fine. No fault found from the ONT side.
A11: 46091 | B11: 46091.6 | C11: Rajesh | D11: Controller Yasser | E11: ESSENTIAL_300M_60M | F11: ROW | G11: 1032 | H11: 3248 | I11: 3037 | J11: 0 | K11: The customer tries to access the Wi-Fi but always receives a "No Internet Connection" message. Malkiya H:3037 R:3248 B:1032 | L11: 39336226 | M11: Appointment 10/03/2026@Anytime Called the customer and he informed us that he is receives this No Internet Connection all the time and he want the tean to visit and check | N11: GPON Service Assurance | O11: Batelco | P11: 20069899 | R11: 46091.725 | S11: 46091.646 | V11: =$S11-$B11 -> 0.045775463 | W11: Within KPI | Y11: WBS_601282_1 | Z11: Rejected | AA11: No Issue found on site visit | AC11: As per our visit for the WiFi issue, we checked the connection from the ONT side and everything is working fine. All customer devices are connected through their own WiFi access point, which appears to be faulty. We advised the customer to connect directly to the main router until the issue with the WiFi access point is resolved. From our side, everything is working fine
A12: 46091 | B12: 46091.14 | C12: Rajesh | D12: Controller Yasser | E12: ESSENTIAL_300M_60M | F12: ROW | G12: 1020 | H12: 2041 | I12: 3564 | J12: 0 | K12: disconnection repeated issue | L12: 39865544 | M12: Appointment 10/03/2026@Anytime called the Customer and he is says very slow internet connection and disconnection and he need the team to visit and check Rx Optical Power (dBm) = -16.65 | N12: GPON Service Assurance | O12: Batelco | P12: 20069846 | R12: 46091.266 | S12: 46091.681 | V12: =$S12-$B12 -> 0.54023148 | W12: Within KPI | Y12: WBS_674064_1 | Z12: Rejected | AA12: No Issue found on site visit | AC12: As per our visit, we checked the line stability end to end. The internal FTB is connected with pigtail splice and the external FTB cable is connected with direct fusion splice. The line is stable and RX power is normal. We tested the connection speed through LAN and WiFi and also performed a ping test for disconnection, but no issue was found during our visit. The customer claims that the line gets disconnected 3–4 times daily and he is not satisfied with the old ONT. We explained to him that since no issue was found with the ONT, it cannot be replaced. From our side, everything is working fine.
A13: 46091 | B13: 46090.876 | C13: Bilal | D13: Controller Yasser | E13: ESSENTIAL_300M_60M | F13: ITN | G13: 814 | H13: 99 | I13: 228 | J13: 0 | K13: SAAS-Onsite Technical Support Our c customer experiencing intermittent voice configuration failures due to ONT sending incorrect authentication, causing IMS to blacklist the subscriber. This blocks all calls until manually removed, but the problem repeats. This issue is rooted in the ONT during the SIP authentication process, and corrective measures from the core network cannot resolve it. We kindly request you to coordinate with the ONT vendor — Huawei EchoLife HG8245W5 (Firmware: V5R020C00S415) — to: 1. Verify SIP digest authentication handling 2. Check for nonce/authentication vector reuse behavior 3. Perform a firmware upgrade, if available 4. Provide a permanent corrective solution Please prioritize this matter and provide updates on your progress. | L13: 39437445 | M13: Appointment 10/03/2026@Anytime SAAS-Onsite Technical Support | N13: GPON Service Assurance | O13: Batelco | P13: 20069828 | R13: 46090.876 | S13: 46091.718 | V13: =$S13-$B13 -> 0.84119213 | W13: Within KPI | Y13: WBS_255208_1 | Z13: Rejected | AA13: No Issue found on site visit | AC13: During our visit our ONT was working properly and the internet was functioning. We tested the ONT using a test telephone and the telephone was also working fine. The customer has internal Ethernet and telephone lines so the issue might be on their side. (WiFi speed is not available as the customer is not using WiFi.) | AI13: Onsite Technical Support
A14: 46091 | B14: 46091.634 | C14: Mohsin | D14: Controller Yasser | E14: ESSENTIAL_300M_60M | F14: MSH | G14: 469 | H14: 6911 | I14: 392 | J14: 0 | K14: LOS | L14: 39277559 | M14: Appointment 10/03/2026@Anytime Called the customer and he informed that sometimes red light coming in his router and he need the team to visit and check | N14: GPON Service Assurance | O14: Batelco | P14: 20069904 | R14: 46091.759 | S14: 46091.715 | V14: =$S14-$B14 -> 0.080821759 | W14: Within KPI | Y14: 17651318 | Z14: Rejected | AA14: No Issue found on site visit | AC14: During the visit no technical issue found,line is working fine
A15: 46092 | B15: 46091.833 | C15: Mohsin | D15: Controller Yasser | E15: ESSENTIAL_500M_250M | F15: ROW | G15: 1210 | H15: 1007 | I15: 303 | J15: 0 | K15: LOS // Customer reported router got wit from the AC kindly check and take needed action | L15: 36212020 | M15: Appointment 11/03/26@3 or after called customer and customer said there is red light on the router he need the team to visit and check | N15: GPON Service Assurance | O15: Batelco | P15: 20069935 | R15: 46091.957 | S15: 46092.69 | V15: =$S15-$B15 -> 0.85736111 | W15: Within KPI | Y15: 17347002 | Z15: Rejected | AA15: No Issue found on site visit | AC15: On visit no fault found in ont customer facing problem with redox not working.....same inform to customer
A16: 46092 | B16: 46091.855 | C16: Rajesh | D16: Controller Aditi | E16: ESSENTIAL_300M_60M | F16: DUM | G16: 1016 | H16: 1651 | I16: 5438 | J16: 0 | K16: always disconnected internet | L16: 33220887 | M16: Appointment 11/03/2026@anytime. As per customer he is facing frequent disconnections and requested team tp be sent. Rx Optical Power (dBm) = -14.95 | N16: GPON Service Assurance | O16: Batelco | P16: 20069938 | R16: 46091.98 | S16: 46092.525 | V16: =$S16-$B16 -> 0.67023148 | W16: Within KPI | Y16: WBS_678126_1 | Z16: Rejected | AA16: No Issue found on site visit | AC16: Regarding the visit for the internet disconnection complaint: We checked the line end-to-end and the RX signal is stable. No line loss detected. Disconnection was also checked through ping test and no issue found. Speed test was done on 2.4GHz, 5GHz and LAN – all working fine. The customer mainly faces weak Wi-Fi signal in the kitchen area, which is far from the ONT location. We advised the customer to contact the service provider to install a Wi-Fi access point for better coverage.
A17: 46092 | B17: 46092.577 | C17: Bilal | D17: Controller Yasser | E17: ESSENTIAL_1G_500M | F17: BUD | G17: 507 | H17: 752 | I17: 3493A | J17: 0 | K17: TR69 connectivity | L17: 39993767 | M17: Appointment 11/03/2026@anytime. Called customer and customer said internet not working.send a team From hussain | N17: GPON Service Assurance | O17: Batelco | P17: 20069995 | Q17: VIP from hussain | R17: 46092.577 | S17: 46092.795 | V17: =$S17-$B17 -> 0.21767361 | W17: Within KPI | Y17: 17340767 | Z17: Rejected | AA17: No Issue found on site visit | AC17: During our visit we found that the ONT was working properly. The customer had high internal activity on the red boxes. The issue was that the red boxes were connected to the 5G network while some of the customer devices support only 2.4G. Therefore we manually configured three red boxes and after that the customer issue was resolved.
A18: 46092 | B18: 46092.503 | C18: Shahidul | D18: Controller Yasser | E18: ESSENTIAL_300M_60M | F18: BUD | G18: 583 | H18: 8305 | I18: 381 | J18: 0 | K18: customer facing slow internet kindly check attachment | L18: 36603062 | M18: Appointment 11/03/2026@3 to 4PM. As per customer internet is very slow and requested to send team. Rx Optical Power (dBm) = -15.11 | N18: GPON Service Assurance | O18: Batelco | P18: 20069980 | R18: 46092.625 | S18: 46092.823 | V18: =$S18-$B18 -> 0.31989583 | W18: Within KPI | Y18: 21004382 | Z18: Rejected | AA18: No Issue found on site visit | AC18: We check end to end not found any issue ont working fine power also ok customer want new ONT and customer will call service provider on visit
A19: 46092 | B19: 46091.101 | C19: Mohsin | D19: Controller Yasser | E19: ESSENTIAL_300M_60M | F19: ROW | G19: 1033 | H19: 3371 | I19: 3037 | J19: 0 | K19: disconnection | L19: 39408300/39894881 | M19: Appointment 11/03/2026@Anytime As per customer internet is very slow and requested to send team. ON NCE, 7 devices are connected on 2.4G. As per customer when restarting line goes back to normal. customer request to keep under 24 hour monitoring. Rx Optical Power (dBm) = -15.7 | N19: GPON Service Assurance | O19: Batelco | P19: 20069843 | R19: 46091.226 | S19: 46092.828 | V19: =$S19-$B19 -> 1.7268171 | W19: Within KPI | X19: Due Monitoring | Y19: 17531367 | Z19: Rejected | AA19: No Issue found on site visit | AC19: Customer face internet disconnection problem in first floor bed room weak wifi signal but ont available ground floor majlis room. we advised the customer to contact the service provider to install a Wi-Fi access point for better signal
A20: 46092 | B20: 46092.485 | C20: Rajesh | D20: Controller Yasser | E20: ESSENTIAL_300M_60M | F20: BUD | G20: 580 | H20: 8026 | I20: 2376 | J20: 0 | K20: Dear Team Customer plan is 15 Fiber Plan , and his GB is Unlimited but his speed dropped all the time PFA and assist please to fixed the speed | L20: 34446881 | M20: Appointment 11/03/2026@anytime. As per customer internet is very slow and requested to send team | N20: GPON Service Assurance | O20: Batelco | P20: 20069975 | R20: 46092.485 | S20: 46092.831 | V20: =$S20-$B20 -> 0.34517361 | W20: Within KPI | Y20: WBS_369237_1 | Z20: Rejected | AA20: No Issue found on site visit | AC20: As per our visit for the disconnection issue, we checked the connection end-to-end from the ONT side and verified line stability. Everything is working normally and no issue was found from the ONT side. We also performed a ping test to check for disconnections and tested the speed through both WiFi and LAN. All results are normal and working as per the package. Our side everything is working fine.
A21: 46098 | B21: 46097.524 | C21: Rajesh | D21: Controller Yasser | E21: ESSENTIAL_300M_60M | F21: SEF | G21: 635 | H21: 3501 | I21: 21 | J21: 0 | K21: Onsite Technical Support | L21: 36050214 | M21: appointment 17/03/2026 called customer and confirmed address building: 21 road: 3501 block: 635 Maa'meer | N21: GPON Service Assurance | O21: Batelco | P21: 20070436 | R21: 46097.524 | S21: 46098.468 | V21: =$S21-$B21 -> 0.94383102 | W21: Within KPI | Y21: WBS_717096_1 | Z21: Rejected | AA21: No Issue found on site visit | AC21: As per our visit regarding the Internet disconnection issue, we found that the ONT is not originally assigned to this office premises and is registered at another location (Seef area). We checked the connection end-to-end, including line stability and performed multiple ping tests from the ONT side. No faults were found, and the connection is working normally from our side. All internal connectivity is routed through the customer’s firewall. The customer’s IT team reported that every morning when they open the office, there is no Internet access until they restart all systems, including the ONT. Customer also confirmed they are facing the issue on this ONT with SN: 48575443400E9BB1. From our side, everything is working fine. Recommended to check the issue with the internal network/firewall configuration. | AK21: Onsite Technical Support

Sheet Sheet19
A1: Service Type (List) | B1: LO Name (List) | C1: Ticket No | D1: Creation Date/Time | E1: Close Date/Time | F1: E2E Duration/hr (Automated) | G1: KPI Status (Automated) | H1: Reason (If Exceeded) | I1: Circuit | J1: Status | K1: Root Cause | L1: Resolution (List) | M1: Resolution Description | N1: Comments | O1: Contractor | P1: Service Type | Q1: Demarcation | R1: Fault Location | S1: Satatus | T1: 318 | U1: LAT | V1: LONG | W1: Root Cause of Customer Issues | X1: Exceeding KPI Owner | Y1: Month | Z1: Fault/Ticket | AA1: Exclude Customer Issues | AB1: VER | AC1: Patch Cord Issue | AD1: Patch Cord Action Resolution | AE1: Customer Type
A2: GPON Service Assurance | B2: Batelco | C2: 20063541 | D2: 46022 | E2: 46023 | F2: 13 | G2: Within KPI | I2: WBS_677944_1 | J2: faulty | K2: SC/UPC Blue Connector Damaged in Internal FTB - Replaced | O2: White Pearl | P2: Fiber | Q2: Customer Related Issue | R2: Inside Customers' Premises | S2: Closed | T2: 1033 | U2: 26.10181 | V2: 50.47805 | W2: Loose Connection in FTB | Y2: 46381 | Z2: Faults | AA2: Within KPI | AE2: Essential
A3: GPON Service Assurance | B3: Batelco | C3: 20063526 | D3: 46022 | E3: 46022 | F3: 2 | G3: Within KPI | I3: 17411102 | J3: damaged by Customer | K3: SC/UPC Blue Connector Damaged in Internal FTB - Replaced | O3: White Pearl | P3: Fiber | Q3: Customer Related Issue | R3: Inside Customers' Premises | S3: Closed | T3: 1203 | U3: 26.14283 | V3: 50.49789 | W3: Loose Connection in FTB | Y3: 46381 | Z3: Faults | AA3: Within KPI | AE3: Essential
A4: GPON Service Assurance | B4: Batelco | C4: 20063519 | D4: 46022 | E4: 46022 | F4: 2 | G4: Within KPI | I4: 17663043 | J4: damaged by Customer | K4: SC/UPC Blue Connector Damaged in Internal FTB - Replaced | O4: White Pearl | P4: Fiber | Q4: Customer Related Issue | R4: Inside Customers' Premises | S4: Closed | T4: 1214 | U4: 26.0776 | V4: 50.50759 | W4: Loose Connection in FTB | Y4: 46381 | Z4: Faults | AA4: Within KPI | AE4: Essential
A5: GPON Service Assurance | B5: Batelco | C5: 20063476 | D5: 46022 | E5: 46022 | F5: 2 | G5: Within KPI | I5: WBS_727400_1 | J5: damaged by Customer | K5: Replaced Damaged SC/UPC Blue Connector in Internal FTB | O5: White Pearl | P5: Fiber | Q5: Customer Related Issue | R5: Inside Customers' Premises | S5: Closed | T5: 1203 | W5: Loose Connection in FTB | Y5: 46381 | Z5: Faults | AA5: Within KPI | AE5: Essential
A6: GPON Service Assurance | B6: Batelco | C6: 20063432 | D6: 46021 | E6: 46022 | F6: 21 | G6: Within KPI | I6: 17440920 | J6: damaged by Customer | K6: Replaced Damaged SC/UPC Blue Connector in Internal FTB | O6: White Pearl | P6: Fiber | Q6: Customer Related Issue | R6: Inside Customers' Premises | S6: Closed | T6: 1210 | U6: 26.10181 | V6: 50.50328 | W6: Loose Connection in FTB | Y6: 46381 | Z6: Faults | AA6: Within KPI | AE6: Essential
A7: GPON Service Assurance | B7: Batelco | C7: 20063423 | D7: 46021 | E7: 46022 | F7: 18 | G7: Within KPI | I7: WBS_411776_1 | J7: damaged by Customer | K7: Replaced Damaged SC/UPC Blue Connector in Internal FTB | O7: White Pearl | P7: Fiber | Q7: Customer Related Issue | R7: Inside Customers' Premises | S7: Closed | T7: 1203 | W7: Loose Connection in FTB | Y7: 46381 | Z7: Faults | AA7: Within KPI | AE7: Essential
A8: GPON Service Assurance | B8: Batelco | C8: 20063414 | D8: 46021 | E8: 46021 | F8: 4 | G8: Within KPI | I8: WBS_679962_1 | J8: damaged by Customer | K8: SC/UPC Blue Connector Damaged in Internal FTB - Replaced | O8: White Pearl | P8: Fiber | Q8: Customer Related Issue | R8: Inside Customers' Premises | S8: Closed | T8: 1204 | U8: 26.13722 | V8: 50.50674 | W8: Loose Connection in FTB | Y8: 46381 | Z8: Faults | AA8: Within KPI | AE8: Essential
A9: GPON Service Assurance | B9: Batelco | C9: 20063409 | D9: 46021 | E9: 46021 | F9: 2 | G9: Within KPI | I9: WBS_385078_1 | J9: damaged by Customer | K9: SC/UPC Blue Connector Damaged in Internal FTB - Replaced | O9: White Pearl | P9: Fiber | Q9: Customer Related Issue | R9: Inside Customers' Premises | S9: Closed | T9: 538 | U9: 26.21779 | V9: 50.46086 | W9: Loose Connection in FTB | Y9: 46381 | Z9: Faults | AA9: Within KPI | AE9: Essential
A10: GPON Service Assurance | B10: Batelco | C10: 20063387 | D10: 46021 | E10: 46022 | F10: 21 | G10: Within KPI | I10: WBS_703025_1 | J10: damaged by Customer | K10: Replaced Damaged SC/UPC Blue Connector in Internal FTB | O10: White Pearl | P10: Fiber | Q10: Customer Related Issue | R10: Inside Customers' Premises | S10: Closed | T10: 1014 | U10: 26.14569 | V10: 50.49067 | W10: Loose Connection in FTB | Y10: 46381 | Z10: Faults | AA10: Within KPI | AE10: Essential
A11: GPON Service Assurance | B11: Batelco | C11: 20063318 | D11: 46020 | E11: 46020 | F11: 2 | G11: Within KPI | I11: 17631999 | J11: damaged by Customer | K11: SC/UPC Blue Connector Damaged in Internal FTB - Replaced | O11: White Pearl | P11: Fiber | Q11: Customer Related Issue | R11: Inside Customers' Premises | S11: Closed | T11: 1019 | U11: 26.12796 | V11: 50.47655 | W11: Loose Connection in FTB | Y11: 46381 | Z11: Faults | AA11: Within KPI | AE11: Essential
A12: GPON Service Assurance | B12: Batelco | C12: 20063301 | D12: 46020 | E12: 46020 | F12: 2 | G12: Within KPI | I12: 17411102 | J12: damaged by Customer | K12: SC/UPC Blue Connector Damaged in Internal FTB - Replaced | O12: White Pearl | P12: Fiber | Q12: Customer Related Issue | R12: Inside Customers' Premises | S12: Closed | T12: 1203 | U12: 26.14283 | V12: 50.49789 | W12: Loose Connection in FTB | Y12: 46381 | Z12: Faults | AA12: Within KPI | AE12: Essential
A13: GPON Service Assurance | B13: Batelco | C13: 20063291 | D13: 46020 | E13: 46020 | F13: 2 | G13: Within KPI | I13: WBS_711723_1 | J13: damaged by Customer | K13: SC/UPC Blue Connector Damaged in Internal FTB - Replaced | O13: White Pearl | P13: Fiber | Q13: Customer Related Issue | R13: Inside Customers' Premises | S13: Closed | T13: 1205 | U13: 26.12584 | V13: 50.49255 | W13: Loose Connection in FTB | Y13: 46381 | Z13: Faults | AA13: Within KPI | AE13: Essential
A14: GPON Service Assurance | B14: Batelco | C14: 20063273 | D14: 46020 | E14: 46020 | F14: 8 | G14: Within KPI | I14: 21034186 | J14: damaged by Customer | K14: SC/UPC Blue Connector Damaged in Internal FTB - Replaced | O14: White Pearl | P14: Fiber | Q14: Customer Related Issue | R14: Inside Customers' Premises | S14: Closed | T14: 1019 | U14: 26.12332 | V14: 50.47464 | W14: Loose Connection in FTB | Y14: 46381 | Z14: Faults | AA14: Within KPI | AE14: Essential
A15: GPON Service Assurance | B15: Batelco | C15: 20063096 | D15: 46018 | E15: 46019 | F15: 14 | G15: Within KPI | I15: 17268532 | J15: damaged by Customer | K15: Replaced Damaged SC/UPC Blue Connector in Internal FTB | O15: White Pearl | P15: Fiber | Q15: Customer Related Issue | R15: Inside Customers' Premises | S15: Closed | T15: 521 | U15: 26.19119 | V15: 50.48854 | W15: Loose Connection in FTB | Y15: 46381 | Z15: Faults | AA15: Within KPI | AE15: Essential
A16: GPON Service Assurance | B16: Batelco | C16: 20063093 | D16: 46018 | E16: 46019 | F16: 21 | G16: Within KPI | I16: WBS_737387_1 | J16: damaged by Customer | K16: Replaced Damaged SC/UPC Blue Connector in Internal FTB | O16: White Pearl | P16: Fiber | Q16: Customer Related Issue | R16: Inside Customers' Premises | S16: Closed | T16: 1208 | U16: 26.10929 | V16: 50.50534 | W16: Loose Connection in FTB | Y16: 46381 | Z16: Faults | AA16: Within KPI | AE16: Essential
A17: GPON Service Assurance | B17: Batelco | C17: 20063092 | D17: 46018 | E17: 46018 | F17: 2 | G17: Within KPI | I17: 17756451 | J17: damaged by Customer | K17: SC/UPC Blue Connector Damaged in Internal FTB - Replaced | O17: White Pearl | P17: Fiber | Q17: Customer Related Issue | R17: Inside Customers' Premises | S17: Closed | T17: 581 | U17: 26.22547 | V17: 50.45013 | W17: Loose Connection in FTB | Y17: 46381 | Z17: Faults | AA17: Within KPI | AE17: Essential
A18: GPON Service Assurance | B18: Batelco | C18: 20063037 | D18: 46018 | E18: 46019 | F18: 23 | G18: Within KPI | I18: WBS_681458_1 | J18: damaged by Customer | K18: Replaced Damaged SC/UPC Blue Connector in Internal FTB | O18: White Pearl | P18: Fiber | Q18: Customer Related Issue | R18: Inside Customers' Premises | S18: Closed | T18: 473 | U18: 26.21716 | V18: 50.49964 | W18: Loose Connection in FTB | Y18: 46381 | Z18: Faults | AA18: Within KPI | AE18: Essential
A19: GPON Service Assurance | B19: Batelco | C19: 20063033 | D19: 46018 | E19: 46018 | F19: 5 | G19: Within KPI | I19: WBS_759970_1 | J19: damaged by Customer | K19: Replaced Damaged SC/UPC Blue Connector in Internal FTB | O19: White Pearl | P19: Fiber | Q19: Customer Related Issue | R19: Inside Customers' Premises | S19: Closed | T19: 1048 | U19: 26.06842 | V19: 50.50423 | W19: Loose Connection in FTB | Y19: 46381 | Z19: Faults | AA19: Within KPI | AE19: Essential
A20: GPON Service Assurance | B20: Batelco | C20: 20063011 | D20: 46017 | E20: 46019 | F20: 41 | G20: Within KPI | I20: WBS_399183_1 | J20: damaged by Customer | K20: SC/UPC Blue Connector Damaged in Internal FTB - Replaced | O20: White Pearl | P20: Fiber | Q20: Customer Related Issue | R20: Inside Customers' Premises | S20: Closed | T20: 1203 | U20: 26.13645 | V20: 50.49645 | W20: Loose Connection in FTB | Y20: 46381 | Z20: Faults | AA20: Within KPI | AE20: Essential
A21: GPON Service Assurance | B21: Batelco | C21: 20062992 | D21: 46017 | E21: 46018 | F21: 28 | G21: Within KPI | I21: 17345804 | J21: damaged by Customer | K21: SC/UPC Blue Connector Damaged in Internal FTB - Replaced | O21: White Pearl | P21: Fiber | Q21: Customer Related Issue | R21: Inside Customers' Premises | S21: Closed | T21: 1056 | U21: 26.0472 | V21: 50.48872 | W21: Loose Connection in FTB | Y21: 46381 | Z21: Faults | AA21: Within KPI | AE21: Essential
A22: GPON Service Assurance | B22: Batelco | C22: 20062966 | D22: 46016 | E22: 46018 | F22: 36 | G22: Within KPI | I22: 17781519 | J22: damaged by Customer | K22: Replaced Damaged SC/UPC Blue Connector in Internal FTB | O22: White Pearl | P22: Fiber | Q22: Customer Related Issue | R22: Inside Customers' Premises | S22: Closed | T22: 1207 | U22: 26.11689 | V22: 50.49876 | W22: Loose Connection in FTB | Y22: 46381 | Z22: Faults | AA22: Within KPI | AE22: Essential
A23: GPON Service Assurance | B23: Batelco | C23: 20062922 | D23: 46016 | E23: 46016 | F23: 1 | G23: Within KPI | I23: WBS_665489_1 | J23: damaged by Customer | K23: SC/UPC Blue Connector Damaged in Internal FTB - Replaced | O23: White Pearl | P23: Fiber | Q23: Customer Related Issue | R23: Inside Customers' Premises | S23: Closed | T23: 1056 | U23: 26.04551 | V23: 50.49517 | W23: Loose Connection in FTB | Y23: 46381 | Z23: Faults | AA23: Within KPI | AE23: Essential
A24: GPON Service Assurance | B24: Batelco | C24: 20062900 | D24: 46016 | E24: 46016 | F24: 3 | G24: Within KPI | I24: WBS_691907_1 | J24: damaged by Customer | K24: SC/UPC Blue Connector Damaged in Internal FTB - Replaced | O24: White Pearl | P24: Fiber | Q24: Customer Related Issue | R24: Inside Customers' Premises | S24: Closed | T24: 433 | U24: 26.21201 | V24: 50.53407 | W24: Loose Connection in FTB | Y24: 46381 | Z24: Faults | AA24: Within KPI | AE24: Essential
A25: GPON Service Assurance | B25: Batelco | C25: 20062836 | D25: 46015 | E25: 46015 | F25: 3 | G25: Within KPI | I25: WBS_272204_1 | J25: damaged by Customer | K25: SC/UPC Blue Connector Damaged in Internal FTB - Replaced | O25: White Pearl | P25: Fiber | Q25: Customer Related Issue | R25: Inside Customers' Premises | S25: Closed | T25: 539 | U25: 26.21105 | V25: 50.46116 | W25: Loose Connection in FTB | Y25: 46381 | Z25: Faults | AA25: Within KPI | AE25: Essential
A26: GPON Service Assurance | B26: Batelco | C26: 20062825 | D26: 46015 | E26: 46015 | F26: 2 | G26: Within KPI | I26: 17764619 | J26: damaged by Customer | K26: SC/UPC Blue Connector Damaged in Internal FTB - Replaced | O26: White Pearl | P26: Fiber | Q26: Customer Related Issue | R26: Inside Customers' Premises | S26: Closed | T26: 1204 | U26: 26.13465 | V26: 50.50591 | W26: Loose Connection in FTB | Y26: 46381 | Z26: Faults | AA26: Within KPI | AE26: Essential
A27: GPON Service Assurance | B27: Batelco | C27: 20062777 | D27: 46015 | E27: 46015 | F27: 9 | G27: Within KPI | I27: 17591759 | J27: damaged by Customer | K27: SC/UPC Blue Connector Damaged in Internal FTB - Replaced | O27: White Pearl | P27: Fiber | Q27: Customer Related Issue | R27: Inside Customers' Premises | S27: Closed | T27: 450 | U27: 26.22356 | V27: 50.51709 | W27: Loose Connection in FTB | Y27: 46381 | Z27: Faults | AA27: Within KPI | AE27: Essential
A28: GPON Service Assurance | B28: Batelco | C28: 20062759 | D28: 46014 | E28: 46015 | F28: 12 | G28: Within KPI | I28: WBS_361250_1 | J28: damaged by Customer | K28: Replaced Damaged SC/UPC Blue Connector in Internal FTB | O28: White Pearl | P28: Fiber | Q28: Customer Related Issue | R28: Inside Customers' Premises | S28: Closed | T28: 1207 | U28: 26.12487 | V28: 50.49651 | W28: Loose Connection in FTB | Y28: 46381 | Z28: Faults | AA28: Within KPI | AE28: Essential
A29: GPON Service Assurance | B29: Batelco | C29: 20062753 | D29: 46014 | E29: 46015 | F29: 15 | G29: Within KPI | I29: WBS_735073_1 | J29: damaged by Customer | K29: SC/UPC Blue Connector Damaged in Internal FTB - Replaced | O29: White Pearl | P29: Fiber | Q29: Customer Related Issue | R29: Inside Customers' Premises | S29: Closed | T29: 1210 | U29: 26.10924 | V29: 50.51022 | W29: Loose Connection in FTB | Y29: 46381 | Z29: Faults | AA29: Within KPI | AE29: Essential
A30: GPON Service Assurance | B30: Batelco | C30: 20062719 | D30: 46014 | E30: 46014 | F30: 5 | G30: Within KPI | I30: 17413602 | J30: damaged by Customer | K30: SC/UPC Blue Connector Damaged in Internal FTB - Replaced | O30: White Pearl | P30: Fiber | Q30: Customer Related Issue | R30: Inside Customers' Premises | S30: Closed | T30: 1205 | U30: 26.12713 | V30: 50.4939 | W30: Loose Connection in FTB | Y30: 46381 | Z30: Faults | AA30: Within KPI | AE30: Essential
A31: GPON Service Assurance | B31: Batelco | C31: 20062712 | D31: 46014 | E31: 46014 | F31: 3 | G31: Within KPI | I31: 17551847 | J31: faulty | K31: Mechanical Connector damaged in External FTB - Replaced | O31: White Pearl | P31: Fiber | Q31: Customer Related Issue | R31: Inside Customers' Premises | S31: Closed | T31: 1032 | U31: 26.10504 | V31: 50.48383 | W31: Loose Connection in FTB | Y31: 46381 | Z31: Faults | AA31: Within KPI | AE31: Essential
A32: GPON Service Assurance | B32: Batelco | C32: 20062637 | D32: 46013 | E32: 46014 | F32: 18 | G32: Within KPI | I32: WBS_705206_1 | J32: damaged by Customer | K32: Replaced Damaged SC/UPC Blue Connector in Internal FTB | O32: White Pearl | P32: Fiber | Q32: Customer Related Issue | R32: Inside Customers' Premises | S32: Closed | T32: 507 | U32: 26.21252 | V32: 50.49221 | W32: Loose Connection in FTB | Y32: 46381 | Z32: Faults | AA32: Within KPI | AE32: Essential
A33: GPON Service Assurance | B33: Batelco | C33: 20062614 | D33: 46013 | E33: 46014 | F33: 21 | G33: Within KPI | I33: 17369465 | J33: damaged by Customer | K33: Replaced Internal FTB Damaged | O33: White Pearl | P33: Fiber | Q33: Customer Related Issue | R33: Inside Customers' Premises | S33: Closed | T33: 1033 | U33: 26.1021 | V33: 50.48203 | W33: Loose Connection in FTB | Y33: 46381 | Z33: Faults | AA33: Within KPI | AE33: Essential
A34: GPON Service Assurance | B34: Batelco | C34: 20062611 | D34: 46013 | E34: 46014 | F34: 25 | G34: Within KPI | I34: 17725342 | J34: damaged by Customer | K34: SC/UPC Blue Connector Damaged in Internal FTB - Replaced | O34: White Pearl | P34: Fiber | Q34: Customer Related Issue | R34: Inside Customers' Premises | S34: Closed | T34: 1210 | U34: 26.10003 | V34: 50.50861 | W34: Loose Connection in FTB | Y34: 46381 | Z34: Faults | AA34: Within KPI | AE34: Essential
A35: GPON Service Assurance | B35: Batelco | C35: 20062602 | D35: 46013 | E35: 46014 | F35: 25 | G35: Within KPI | I35: 17510174 | J35: damaged by Customer | K35: Replaced Damaged SC/UPC Blue Connector in Internal FTB | O35: White Pearl | P35: Fiber | Q35: Customer Related Issue | R35: Inside Customers' Premises | S35: Closed | T35: 1010 | U35: 26.1492 | V35: 50.46271 | W35: Loose Connection in FTB | Y35: 46381 | Z35: Faults | AA35: Within KPI | AE35: Essential
A36: GPON Service Assurance | B36: Batelco | C36: 20062453 | D36: 46012 | E36: 46012 | F36: 6 | G36: Within KPI | I36: WBS_690528_1 | J36: damaged by Customer | K36: SC/UPC Blue Connector Damaged in Internal FTB - Replaced | O36: White Pearl | P36: Fiber | Q36: Customer Related Issue | R36: Inside Customers' Premises | S36: Closed | T36: 1211 | U36: 26.08322 | V36: 50.50717 | W36: Loose Connection in FTB | Y36: 46381 | Z36: Faults | AA36: Within KPI | AE36: Essential
A37: GPON Service Assurance | B37: Batelco | C37: 20062427 | D37: 46011 | E37: 46012 | F37: 17 | G37: Within KPI | I37: WBS_672123_1 | J37: damaged by Customer | K37: SC/UPC Blue Connector Damaged in Internal FTB - Replaced | O37: White Pearl | P37: Fiber | Q37: Customer Related Issue | R37: Inside Customers' Premises | S37: Closed | T37: 1218 | U37: 26.1026 | V37: 50.50829 | W37: Loose Connection in FTB | Y37: 46381 | Z37: Faults | AA37: Within KPI | AE37: Essential
A38: GPON Service Assurance | B38: Batelco | C38: 20062419 | D38: 46011 | E38: 46012 | F38: 14 | G38: Within KPI | I38: WBS_368998_1 | J38: damaged by Customer | K38: SC/UPC Blue Connector Damaged in Internal FTB - Replaced | O38: White Pearl | P38: Fiber | Q38: Customer Related Issue | R38: Inside Customers' Premises | S38: Closed | T38: 1020 | U38: 26.12097 | V38: 50.48649 | W38: Loose Connection in FTB | Y38: 46381 | Z38: Faults | AA38: Within KPI | AE38: Essential
A39: GPON Service Assurance | B39: Batelco | C39: 20062382 | D39: 46011 | E39: 46011 | F39: 5 | G39: Within KPI | I39: 17879725 | J39: damaged by Customer | K39: SC/UPC Blue Connector Damaged in Internal FTB - Replaced | O39: White Pearl | P39: Fiber | Q39: Customer Related Issue | R39: Inside Customers' Premises | S39: Closed | T39: 1207 | U39: 26.12283 | V39: 50.49513 | W39: Loose Connection in FTB | Y39: 46381 | Z39: Faults | AA39: Within KPI | AE39: Essential
A40: GPON Service Assurance | B40: Batelco | C40: 20062356 | D40: 46011 | E40: 46011 | F40: 10 | G40: Within KPI | I40: 17728653 | J40: damaged by Customer | K40: SC/UPC Blue Connector Damaged in Internal FTB - Replaced | O40: White Pearl | P40: Fiber | Q40: Customer Related Issue | R40: Inside Customers' Premises | S40: Closed | T40: 1057 | U40: 26.04602 | V40: 50.48582 | W40: Loose Connection in FTB | Y40: 46381 | Z40: Faults | AA40: Within KPI | AE40: Essential
A41: GPON Service Assurance | B41: Batelco | C41: 20062320 | D41: 46010 | E41: 46011 | F41: 17 | G41: Within KPI | I41: 17256955 | J41: damaged by Customer | K41: Replaced Damaged SC/UPC Blue Connector in Internal FTB | O41: White Pearl | P41: Fiber | Q41: Customer Related Issue | R41: Inside Customers' Premises | S41: Closed | T41: 1020 | U41: 26.11438 | V41: 50.48747 | W41: Loose Connection in FTB | Y41: 46381 | Z41: Faults | AA41: Within KPI | AE41: Essential
A42: GPON Service Assurance | B42: Batelco | C42: 20062269 | D42: 46010 | E42: 46011 | F42: 26 | G42: Within KPI | I42: 21008636 | J42: damaged by Customer | K42: Replaced Damaged SC/UPC Blue Connector in Internal FTB | O42: White Pearl | P42: Fiber | Q42: Customer Related Issue | R42: Inside Customers' Premises | S42: Closed | T42: 515 | U42: 26.21002 | V42: 50.48498 | W42: Loose Connection in FTB | Y42: 46381 | Z42: Faults | AA42: Within KPI | AE42: Essential
A43: GPON Service Assurance | B43: Batelco | C43: 20062232 | D43: 46009 | E43: 46009 | F43: 2 | G43: Within KPI | I43: WBS_625420_1 | J43: damaged by Customer | K43: SC/UPC Blue Connector Damaged in Internal FTB - Replaced | O43: White Pearl | P43: Fiber | Q43: Customer Related Issue | R43: Inside Customers' Premises | S43: Closed | T43: 551 | U43: 26.19812 | V43: 50.46211 | W43: Loose Connection in FTB | Y43: 46381 | Z43: Faults | AA43: Within KPI | AE43: Essential
A44: GPON Service Assurance | B44: Batelco | C44: 20062161 | D44: 46008 | E44: 46009 | F44: 22 | G44: Within KPI | I44: 17601222 | J44: damaged by Customer | K44: SC/UPC Blue Connector Damaged in Internal FTB - Replaced | O44: White Pearl | P44: Fiber | Q44: Customer Related Issue | R44: Inside Customers' Premises | S44: Closed | T44: 450 | W44: Loose Connection in FTB | Y44: 46381 | Z44: Faults | AA44: Within KPI | AE44: Essential
A45: GPON Service Assurance | B45: Batelco | C45: 20062159 | D45: 46008 | E45: 46009 | F45: 15 | G45: Within KPI | I45: 21004358 | J45: damaged by Customer | K45: SC/UPC Blue Connector Damaged in Internal FTB - Replaced | O45: White Pearl | P45: Fiber | Q45: Customer Related Issue | R45: Inside Customers' Premises | S45: Closed | T45: 1209 | U45: 26.10516 | V45: 50.49828 | W45: Loose Connection in FTB | Y45: 46381 | Z45: Faults | AA45: Within KPI | AE45: Essential
A46: GPON Service Assurance | B46: Batelco | C46: 20062139 | D46: 46008 | E46: 46009 | F46: 18 | G46: Within KPI | I46: 17650654 | J46: damaged by Customer | K46: SC/UPC Blue Connector Damaged in Internal FTB - Replaced | O46: White Pearl | P46: Fiber | Q46: Customer Related Issue | R46: Inside Customers' Premises | S46: Closed | T46: 518 | U46: 26.22965 | V46: 50.48562 | W46: Loose Connection in FTB | Y46: 46381 | Z46: Faults | AA46: Within KPI | AE46: Essential
A47: GPON Service Assurance | B47: Batelco | C47: 20062077 | D47: 46007 | E47: 46008 | F47: 19 | G47: Within KPI | I47: 17611077 | J47: damaged by Customer | K47: SC/UPC Blue Connector Damaged in Internal FTB - Replaced | O47: White Pearl | P47: Fiber | Q47: Customer Related Issue | R47: Inside Customers' Premises | S47: Closed | T47: 1006 | U47: 26.15367 | V47: 50.46714 | W47: Loose Connection in FTB | Y47: 46381 | Z47: Faults | AA47: Within KPI | AE47: Essential
A48: GPON Service Assurance | B48: Batelco | C48: 20062065 | D48: 46007 | E48: 46008 | F48: 24 | G48: Within KPI | I48: WBS_750676_1 | J48: damaged by Customer | K48: SC/UPC Blue Connector Damaged in Internal FTB - Replaced | O48: White Pearl | P48: Fiber | Q48: Customer Related Issue | R48: Inside Customers' Premises | S48: Closed | T48: 526 | U48: 26.23056 | V48: 50.48406 | W48: Loose Connection in FTB | Y48: 46381 | Z48: Faults | AA48: Within KPI | AE48: Essential
A49: GPON Service Assurance | B49: Batelco | C49: 20062063 | D49: 46007 | E49: 46011 | F49: 95 | G49: Exceeded KPI | H49: End User Delay In Booking Appointment | I49: 17600864 | J49: damaged by Customer | K49: SC/UPC Blue Connector Damaged in Internal FTB - Replaced | O49: White Pearl | P49: Fiber | Q49: Customer Related Issue | R49: Inside Customers' Premises | S49: Closed | T49: 1010 | U49: 26.14637 | V49: 50.46153 | W49: Loose Connection in FTB | X49: Customer Related Issue | Y49: 46381 | Z49: Faults | AA49: Within KPI | AE49: Essential
A50: GPON Service Assurance | B50: Batelco | C50: 20061872 | D50: 46005 | E50: 46005 | F50: 2 | G50: Within KPI | I50: 17456269 | J50: damaged by Customer | K50: SC/UPC Blue Connector Damaged in Internal FTB - Replaced | O50: White Pearl | P50: Fiber | Q50: Customer Related Issue | R50: Inside Customers' Premises | S50: Closed | T50: 1204 | U50: 26.13616 | V50: 50.5078 | W50: Loose Connection in FTB | Y50: 46381 | Z50: Faults | AA50: Within KPI | AE50: Essential
A51: GPON Service Assurance | B51: Batelco | C51: 20061848 | D51: 46005 | E51: 46005 | F51: 3 | G51: Within KPI | I51: 17421336 | J51: damaged by Customer | K51: SC/UPC Blue Connector Damaged in Internal FTB - Replaced | O51: White Pearl | P51: Fiber | Q51: Customer Related Issue | R51: Inside Customers' Premises | S51: Closed | T51: 553 | U51: 26.20804 | V51: 50.45602 | W51: Loose Connection in FTB | Y51: 46381 | Z51: Faults | AA51: Within KPI | AE51: Essential
A52: GPON Service Assurance | B52: Batelco | C52: 20061820 | D52: 46005 | E52: 46005 | F52: 4 | G52: Within KPI | I52: 17411625 | J52: damaged by Customer | K52: SC/UPC Blue Connector Damaged in Internal FTB - Replaced | O52: White Pearl | P52: Fiber | Q52: Customer Related Issue | R52: Inside Customers' Premises | S52: Closed | T52: 527 | U52: 26.17542 | V52: 50.48381 | W52: Loose Connection in FTB | Y52: 46381 | Z52: Faults | AA52: Within KPI | AE52: Essential
A53: GPON Service Assurance | B53: Batelco | C53: 20061781 | D53: 46004 | E53: 46005 | F53: 14 | G53: Within KPI | I53: 17781519 | J53: damaged by Customer | K53: SC/UPC Blue Connector Damaged in Internal FTB - Replaced | O53: White Pearl | P53: Fiber | Q53: Customer Related Issue | R53: Inside Customers' Premises | S53: Closed | T53: 1207 | U53: 26.11689 | V53: 50.49876 | W53: Loose Connection in FTB | Y53: 46381 | Z53: Faults | AA53: Within KPI | AE53: Essential
A54: GPON Service Assurance | B54: Batelco | C54: 20061740 | D54: 46004 | E54: 46004 | F54: 3 | G54: Within KPI | I54: WBS_385197_1 | J54: damaged by Customer | K54: Replaced Damaged SC/UPC Blue Connector in Internal FTB | O54: White Pearl | P54: Fiber | Q54: Customer Related Issue | R54: Inside Customers' Premises | S54: Closed | T54: 1214 | U54: 26.07624 | V54: 50.50937 | W54: Loose Connection in FTB | Y54: 46381 | Z54: Faults | AA54: Within KPI | AE54: Essential
A55: GPON Service Assurance | B55: Batelco | C55: 20061700 | D55: 46004 | E55: 46014 | F55: 248 | G55: Exceeded KPI | H55: Cable Faults | I55: WBS_694704_1 | J55: damaged by Customer | K55: SC/UPC Blue Connector Damaged in Internal FTB - Replaced | O55: White Pearl | P55: Fiber | Q55: Customer Related Issue | R55: Inside Customers' Premises | S55: Closed | T55: 1014 | U55: 0 | V55: 0 | W55: Loose Connection in FTB | X55: Bnet Related Issue | Y55: 46381 | Z55: Faults | AA55: Exceeded KPI | AE55: Essential
A56: GPON Service Assurance | B56: Batelco | C56: 20061649 | D56: 46003 | E56: 46004 | F56: 25 | G56: Within KPI | I56: 17415210 | J56: damaged by Customer | K56: SC/UPC Blue Connector Damaged in Internal FTB - Replaced | O56: White Pearl | P56: Fiber | Q56: Customer Related Issue | R56: Inside Customers' Premises | S56: Closed | T56: 536 | U56: 26.219 | V56: 50.46649 | W56: Loose Connection in FTB | Y56: 46381 | Z56: Faults | AA56: Within KPI | AE56: Essential
A57: GPON Service Assurance | B57: Batelco | C57: 20061563 | D57: 46002 | E57: 46002 | F57: 3 | G57: Within KPI | I57: WBS_621552_1 | J57: damaged by Customer | K57: SC/UPC Blue Connector Damaged in Internal FTB - Replaced | O57: White Pearl | P57: Fiber | Q57: Customer Related Issue | R57: Inside Customers' Premises | S57: Closed | T57: 1208 | U57: 26.11735 | V57: 50.50525 | W57: Loose Connection in FTB | Y57: 46381 | Z57: Faults | AA57: Within KPI | AE57: Essential
A58: GPON Service Assurance | B58: Batelco | C58: 20061497 | D58: 46001 | E58: 46001 | F58: 2 | G58: Within KPI | I58: 17252429 | J58: damaged by Customer | K58: SC/UPC Blue Connector Damaged in Internal FTB - Replaced | O58: White Pearl | P58: Fiber | Q58: Customer Related Issue | R58: Inside Customers' Premises | S58: Closed | T58: 1216 | U58: 26.06098 | V58: 50.50998 | W58: Loose Connection in FTB | Y58: 46381 | Z58: Faults | AA58: Within KPI | AE58: Essential
A59: GPON Service Assurance | B59: Batelco | C59: 20061490 | D59: 46001 | E59: 46002 | F59: 22 | G59: Within KPI | I59: 17215193 | J59: damaged by Customer | K59: SC/UPC Blue Connector Damaged in Internal FTB - Replaced | O59: White Pearl | P59: Fiber | Q59: Customer Related Issue | R59: Inside Customers' Premises | S59: Closed | T59: 1010 | U59: 26.14621 | V59: 50.46158 | W59: Loose Connection in FTB | Y59: 46381 | Z59: Faults | AA59: Within KPI | AE59: Essential
A60: GPON Service Assurance | B60: Batelco | C60: 20061483 | D60: 46001 | E60: 46001 | F60: 3 | G60: Within KPI | I60: WBS_333952_1 | J60: damaged by Customer | K60: SC/UPC Blue Connector Damaged in Internal FTB - Replaced | O60: White Pearl | P60: Fiber | Q60: Customer Related Issue | R60: Inside Customers' Premises | S60: Closed | T60: 1214 | U60: 26.08033 | V60: 50.51255 | W60: Loose Connection in FTB | Y60: 46381 | Z60: Faults | AA60: Within KPI | AE60: Essential
A61: GPON Service Assurance | B61: Batelco | C61: 20061460 | D61: 46001 | E61: 46001 | F61: 3 | G61: Within KPI | I61: 17631570 | J61: damaged by Customer | K61: SC/UPC Blue Connector Damaged in Internal FTB - Replaced | O61: White Pearl | P61: Fiber | Q61: Customer Related Issue | R61: Inside Customers' Premises | S61: Closed | T61: 477 | U61: 26.21328 | V61: 50.5038 | W61: Loose Connection in FTB | Y61: 46381 | Z61: Faults | AA61: Within KPI | AE61: Essential
A62: GPON Service Assurance | B62: Batelco | C62: 20061401 | D62: 46000 | E62: 46001 | F62: 20 | G62: Within KPI | I62: 17001320 | J62: damaged by Customer | K62: Replaced Damaged SC/UPC Blue Connector in Internal FTB | O62: White Pearl | P62: Fiber | Q62: Customer Related Issue | R62: Inside Customers' Premises | S62: Closed | T62: 1010 | U62: 26.14862 | V62: 50.45692 | W62: Loose Connection in FTB | Y62: 46381 | Z62: Faults | AA62: Within KPI | AE62: Essential
A63: GPON Service Assurance | B63: Batelco | C63: 20061298 | D63: 45999 | E63: 46000 | F63: 17 | G63: Within KPI | I63: WBS_363744_1 | J63: damaged by Customer | K63: SC/UPC Blue Connector Damaged in Internal FTB - Replaced | O63: White Pearl | P63: Fiber | Q63: Customer Related Issue | R63: Inside Customers' Premises | S63: Closed | T63: 580 | U63: 26.23495 | V63: 50.46669 | W63: Loose Connection in FTB | Y63: 46381 | Z63: Faults | AA63: Within KPI | AE63: Essential
A64: GPON Service Assurance | B64: Batelco | C64: 20061297 | D64: 45999 | E64: 46000 | F64: 14 | G64: Within KPI | I64: 17442736 | J64: damaged by Customer | K64: SC/UPC Blue Connector Damaged in Internal FTB - Replaced | O64: White Pearl | P64: Fiber | Q64: Customer Related Issue | R64: Inside Customers' Premises | S64: Closed | T64: 1216 | U64: 26.06652 | V64: 50.50853 | W64: Loose Connection in FTB | Y64: 46381 | Z64: Faults | AA64: Within KPI | AE64: Essential
A65: GPON Service Assurance | B65: Batelco | C65: 20061295 | D65: 45999 | E65: 46000 | F65: 16 | G65: Within KPI | I65: WBS_402498_1 | J65: damaged by Customer | K65: SC/UPC Blue Connector Damaged in Internal FTB - Replaced | O65: White Pearl | P65: Fiber | Q65: Customer Related Issue | R65: Inside Customers' Premises | S65: Closed | T65: 458 | U65: 26.22678 | V65: 50.50957 | W65: Loose Connection in FTB | Y65: 46381 | Z65: Faults | AA65: Within KPI | AE65: Essential
A66: GPON Service Assurance | B66: Batelco | C66: 20061291 | D66: 45999 | E66: 46000 | F66: 18 | G66: Within KPI | I66: WBS_713249_1 | J66: damaged by Customer | K66: SC/UPC Blue Connector Damaged in External FTB - Replaced | O66: White Pearl | P66: Fiber | Q66: Customer Related Issue | R66: Inside Customers' Premises | S66: Closed | T66: 815 | U66: 26.15423 | V66: 50.57172 | W66: Loose Connection in FTB | Y66: 46381 | Z66: Faults | AA66: Within KPI | AE66: Essential
